,Recency,Frequency,Monetary
0,326,1,77183.6
1,2,182,4310.0
2,75,31,1797.24
3,19,73,1757.55
4,310,17,334.4
5,36,85,2506.04
6,204,4,89.0
7,232,58,1079.4
8,214,13,459.4
9,23,59,2811.43
10,33,131,6207.67
11,2,19,1168.06
12,58,245,6310.03
13,52,129,2662.06
14,287,10,189.9
15,3,266,5226.23
16,110,23,552.0
17,8,85,1313.1
18,291,22,641.38
19,4,11,168.9
20,51,166,3541.94
21,45,63,1887.96
22,72,52,1298.04
23,311,14,364.6
24,25,33,742.9300000000001
25,11,17,457.5
26,315,77,1628.12
27,130,219,4008.62
28,82,40,852.24
29,22,104,2724.81
30,5,87,1845.31
31,185,99,1850.56
32,29,27,585.27
33,338,10,401.9
34,16,100,2780.66
35,80,32,549.84
36,22,93,439.66
37,72,64,1582.6000000000001
38,64,27,1272.48
39,19,156,3018.63
40,36,126,2409.9
41,46,85,1635.6599999999999
42,119,59,1108.65
43,303,5,84.3
44,323,11,225.6
45,50,5,427.7
46,149,54,1710.39
47,22,105,3415.3
48,50,77,1708.1200000000001
49,33,105,2888.55
50,79,109,11072.67
51,309,26,693.3299999999999
52,75,61,1226.88
53,67,38,758.1
54,217,18,562.41
55,24,716,124914.53
56,3,192,3649.1
57,113,34,668.58
58,64,29,600.39
59,16,45,807.04
60,96,39,803.5600000000001
61,1,125,1859.31
62,163,30,1760.96
63,78,36,777.2
64,195,30,582.73
65,22,31,825.8
66,26,294,7956.46
67,9,97,3750.4
68,43,11,256.4
69,36,235,6419.95
70,43,108,5059.32
71,1,420,13375.87
72,85,50,806.14
73,80,36,7829.89
74,100,16,509.01
75,2,200,4951.41
76,14,98,2906.85
77,367,11,173.55
78,3,12,172.06
79,21,177,5005.46
80,22,4,133.4
81,58,58,1002.3100000000001
82,243,26,476.49
83,44,22,449.45
84,22,191,4067.29
85,156,8,197.88
86,11,354,9035.52
87,17,22,430.57
88,134,43,707.09
89,56,15,3528.34
90,73,90,2466.86
91,44,125,3181.04
92,66,63,2363.23
93,71,38,947.4
94,94,35,826.88
95,19,62,1189.59
96,53,83,1344.78
97,10,29,1212.05
98,17,47,742.1899999999999
99,188,38,729.5400000000001
100,2,459,19788.65
101,32,339,6572.11
102,29,167,3928.0499999999997
103,17,422,7324.09
104,54,36,723.38
105,16,233,6816.42
106,23,300,13219.74
107,4,36,680.99
108,11,31,527.2
109,28,154,3281.63
110,23,216,5579.82
111,17,75,2484.98
112,33,343,4527.32
113,10,55,1298.66
114,336,15,334.93
115,5,245,5417.93
116,39,26,460.40000000000003
117,63,20,263.21000000000004
118,166,22,433.74
119,16,77,1246.1000000000001
120,82,14,1043.1
121,21,23,403.70000000000005
122,23,61,4257.82
123,337,149,2169.39
124,96,147,3723.87
125,18,9,482.04999999999995
126,233,23,73.5
127,134,22,1304.81
128,26,68,397.88
129,284,7,176.5
130,143,33,982.5699999999999
131,66,31,132.18
132,113,35,612.29
133,267,51,1017.68
134,353,16,383.7
135,78,26,1312.06
136,28,279,2481.6
137,1,124,2056.89
138,64,17,330.84
139,79,152,2634.26
140,143,38,599.68
141,39,12,192.72
142,19,106,1789.77
143,9,144,4485.72
144,1,71,1316.66
145,82,18,348.71000000000004
146,9,92,1933.48
147,60,66,1662.28
148,15,17,125.22
149,30,16,349.83000000000004
150,131,63,1089.18
151,92,34,716.35
152,43,261,12601.830000000002
153,29,21,363.95
154,22,273,5568.35
155,20,478,13400.24
156,30,52,981.18
157,36,19,372.7
158,75,50,1000.39
159,47,69,1161.5
160,198,8,207.79999999999998
161,166,5,95.19999999999999
162,79,57,964.83
163,358,10,168.0
164,39,20,437.82
165,8,191,3692.28
166,50,119,599.56
167,16,33,11990.960000000001
168,8,11,269.96
169,311,21,561.71
170,5,105,2134.01
171,303,16,238.85
172,8,168,3781.7400000000002
173,261,21,456.9
174,289,9,145.92
175,86,19,351.65
176,23,446,9401.28
177,2,188,4124.69
178,40,34,519.61
179,9,60,1020.42
180,227,28,160.54000000000002
181,316,11,218.45
182,36,88,1315.83
183,35,146,626.6
184,21,114,2794.51
185,78,29,440.42
186,247,24,415.7
187,40,15,197.71
188,239,22,511.36
189,3,247,7281.38
190,4,96,2338.15
191,234,87,2040.1
192,17,11,196.94000000000003
193,8,4,144.0
194,39,10,214.89999999999998
195,29,35,646.68
196,211,68,9864.26
197,317,26,452.84999999999997
198,92,18,437.6
199,109,21,418.09999999999997
200,38,118,3338.2200000000003
201,51,27,618.27
202,19,206,3811.22
203,10,132,3023.08
204,29,62,1032.58
205,29,64,2599.04
206,190,28,577.0600000000001
207,59,12,153.12
208,22,3,739.1999999999999
209,79,16,254.18
210,60,101,1579.51
211,78,60,1126.85
212,23,106,2099.54
213,52,65,1193.32
214,74,19,704.0400000000001
215,57,153,3344.38
216,278,20,315.6
217,2,105,2291.19
218,95,32,713.3
219,29,41,352.98
220,22,11,177.31
221,16,90,3641.24
222,15,92,1339.41
223,2,467,13689.67
224,232,11,180.1
225,276,18,305.1
226,106,38,641.13
227,212,86,2683.82
228,23,294,6620.48
229,11,230,4478.53
230,4,41,786.46
231,10,64,1270.88
232,57,31,640.5
233,59,101,2163.98
234,90,101,1689.18
235,67,382,6002.9
236,33,39,671.69
237,239,22,486.1
238,24,53,1174.58
239,115,10,185.9
240,25,47,1013.26
241,128,24,3344.64
242,130,31,477.91
243,34,73,1775.18
244,5,45,1346.97
245,22,122,3722.82
246,155,21,318.05
247,107,31,623.51
248,3,20,314.44
249,335,9,114.0
250,331,48,919.98
251,149,43,2209.85
252,11,38,601.98
253,17,126,4051.17
254,11,47,1643.18
255,19,36,686.05
256,30,5,91.68
257,11,13,245.1
258,1,230,3849.78
259,8,37,4881.88
260,325,3,63.0
261,58,33,620.13
262,12,161,3807.15
263,151,101,2744.0299999999997
264,10,92,2996.05
265,330,10,225.89999999999998
266,5,42,610.52
267,39,83,1970.6
268,25,45,1331.39
269,42,165,17628.46
270,59,48,1113.02
271,1,52,862.81
272,15,638,13787.54
273,4,524,12279.82
274,4,344,8476.57
275,8,105,2283.63
276,28,157,2863.08
277,372,7,89.14
278,114,171,4873.8099999999995
279,26,72,1247.61
280,206,16,389.01
281,28,32,1035.8
282,127,39,855.91
283,70,37,869.67
284,7,27,582.1
285,29,41,957.59
286,8,268,4939.99
287,80,53,797.71
288,20,12,219.0
289,71,21,283.55
290,7,88,2340.84
291,15,334,6868.29
292,292,33,603.42
293,30,157,2712.91
294,15,207,9706.52
295,97,77,1149.02
296,29,133,4396.13
297,1,38,848.55
298,9,259,4708.86
299,106,20,343.36
300,4,69,1053.49
301,151,55,1030.98
302,71,19,238.25
303,5,39,644.95
304,3,354,5781.73
305,32,161,2656.13
306,85,53,997.63
307,4,69,725.07
308,5,53,1031.41
309,371,24,427.8
310,28,124,2609.1
311,11,139,3980.7
312,71,46,836.33
313,114,26,453.01
314,24,274,18895.91
315,180,12,236.26000000000002
316,234,22,383.95
317,353,4,110.39999999999999
318,315,43,779.5699999999999
319,333,4,234.0
320,372,11,155.35
321,78,38,1013.04
322,64,27,427.6
323,134,131,540.13
324,52,222,21279.29
325,2,103,4196.01
326,1,4413,33053.19
327,4,199,4090.88
328,129,15,275.88
329,81,53,4366.78
330,23,197,21429.39
331,236,63,3010.74
332,281,4,3811.95
333,87,4,112.07999999999998
334,16,364,7834.650000000001
335,117,97,2791.59
336,52,95,1531.44
337,8,69,1898.52
338,138,18,494.08
339,317,45,1693.88
340,4,310,6989.63
341,239,32,1143.6
342,211,12,1351.45
343,60,55,892.47
344,17,66,1386.04
345,20,50,822.23
346,38,149,3981.36
347,64,25,826.74
348,5,103,2330.92
349,2,84,2225.91
350,9,57,532.8199999999999
351,364,14,311.95
352,10,20,463.66
353,65,4,91.85
354,192,21,324.92
355,374,2,192.60000000000002
356,257,25,400.53999999999996
357,335,24,545.48
358,53,45,860.41
359,19,14,430.48
360,366,13,254.03
361,10,8,6977.04
362,187,25,427.58
363,37,28,483.65000000000003
364,178,25,489.31
365,261,31,514.85
366,45,15,229.64000000000001
367,102,2,125.92
368,148,47,1063.46
369,96,29,572.2
370,281,4,166.04
371,262,14,1542.08
372,3,59,942.34
373,214,6,92.72
374,71,46,948.88
375,75,5,1759.5
376,60,25,397.12
377,3,91,1474.72
378,6,25,430.15000000000003
379,3,56,1018.71
380,337,11,293.0
381,38,38,6814.64
382,262,9,215.05
383,32,27,383.03
384,145,24,417.38
385,283,18,312.38
386,59,174,2610.36
387,173,12,134.1
388,34,120,671.95
389,3,314,5591.42
390,144,113,2726.77
391,5,414,3991.58
392,70,34,1118.99
393,66,103,1702.26
394,29,52,325.96000000000004
395,267,27,354.09
396,22,84,843.64
397,31,48,1010.29
398,97,47,131.81
399,295,17,311.55
400,135,78,1957.1000000000001
401,79,109,1316.25
402,373,3,38.1
403,8,311,2170.78
404,211,46,1106.4
405,52,5,521.2
406,138,3,147.12
407,26,95,1568.23
408,283,26,559.12
409,26,534,4009.34
410,186,107,1607.0600000000002
411,84,11,380.64
412,327,66,599.97
413,282,4,374.0
414,143,2,343.2300000000001
415,58,85,2218.02
416,4,154,1535.77
417,236,47,854.99
418,45,10,573.22
419,276,7,298.0
420,9,13,1463.04
421,25,42,703.47
422,88,7,309.05
423,63,71,1175.22
424,68,82,1378.4
425,214,5,354.12
426,24,79,376.71999999999997
427,186,3,331.0
428,31,31,176.55
429,42,22,372.8
430,205,4,216.5
431,9,116,17654.54
432,265,10,138.68
433,18,71,496.06
434,12,63,2919.81
435,176,2,750.0
436,40,91,2178.67
437,23,75,3075.04
438,3,24,1662.3
439,5,50,2483.63
440,149,22,363.65
441,139,103,2944.95
442,128,2,594.0
443,8,50,1335.19
444,17,27,162.78
445,9,720,16587.09
446,161,28,405.38
447,64,28,172.82
448,88,30,933.7
449,5,45,694.05
450,35,84,2062.7000000000003
451,312,8,117.85
452,78,25,415.8
453,22,82,42055.96
454,24,106,607.53
455,2,129,2160.7
456,17,62,1063.9
457,15,120,1504.27
458,26,9,114.14
459,64,47,11581.8
460,55,96,899.69
461,131,70,675.6
462,36,30,604.51
463,288,23,462.95
464,144,97,1603.99
465,16,116,2064.95
466,31,215,4167.22
467,2,23,1843.0
468,9,63,1064.07
469,6,79,1387.79
470,10,17,329.85
471,1,180,4757.16
472,306,19,108.07
473,10,238,4017.54
474,7,16,266.39
475,8,95,1856.63
476,89,108,769.8100000000001
477,10,10,160.18
478,358,19,1660.9
479,112,5,135.95
480,7,129,405.47
481,4,305,11189.91
482,198,8,144.8
483,212,22,738.6
484,156,9,39.239999999999995
485,158,20,7374.900000000001
486,30,20,372.21999999999997
487,243,28,390.54
488,19,4,97.5
489,1,76,1239.38
490,74,28,558.7
491,292,83,505.82
492,3,64,6924.110000000001
493,31,13,409.5
494,23,31,503.76
495,23,27,414.76
496,4,61,974.4200000000001
497,85,3,211.32
498,22,59,1226.89
499,196,28,455.88
500,107,31,534.85
501,4,337,9785.970000000001
502,318,7,120.94999999999999
503,106,6,149.05
504,12,404,5655.91
505,174,26,513.7
506,56,4,81.57
507,323,14,229.46999999999997
508,372,3,50.550000000000004
509,9,88,1646.8400000000001
510,1,219,4810.9400000000005
511,11,110,3466.2799999999997
512,53,175,3339.64
513,73,47,789.89
514,7,1,204.0
515,16,458,7277.7
516,4,131,2616.38
517,64,40,689.9
518,1,40,975.36
519,114,26,6912.0
520,23,45,661.3199999999999
521,31,10,1247.5
522,11,92,752.4399999999999
523,52,71,1010.18
524,357,11,190.55
525,55,37,642.77
526,74,27,921.88
527,138,48,881.07
528,80,28,908.46
529,9,43,676.99
530,273,13,516.42
531,291,33,560.47
532,99,18,305.28000000000003
533,31,35,629.31
534,32,172,3237.54
535,14,135,1819.41
536,64,14,656.6800000000001
537,15,403,5836.86
538,212,18,348.15000000000003
539,78,76,1214.41
540,25,8,271.40000000000003
541,250,8,183.4
542,254,15,307.53
543,72,10,248.61
544,191,11,346.98
545,13,68,1105.59
546,373,14,205.86
547,24,48,470.8
548,82,15,115.46000000000001
549,10,2,344.0
550,1,424,4431.44
551,192,9,228.8
552,267,7,177.15
553,130,22,919.61
554,1,111,728.02
555,3,358,12627.94
556,4,6,220.10000000000002
557,179,6,58.08
558,12,1028,28337.38
559,126,73,3613.63
560,4,18,303.75
561,158,22,416.08000000000004
562,3,1814,58762.08
563,9,155,8910.82
564,28,21,345.82
565,71,25,477.83
566,276,159,7832.47
567,21,24,1927.3200000000002
568,71,6,74.39999999999999
569,33,421,6003.22
570,1,572,28882.44
571,99,1,207.35999999999999
572,234,8,101.19
573,1,304,6424.09
574,40,8,243.94
575,3,20,1098.48
576,133,1,76.5
577,44,58,1531.6200000000001
578,373,10,350.06
579,60,47,786.54
580,31,145,1488.67
581,1,201,12245.960000000001
582,12,120,2294.78
583,138,30,501.14
584,22,76,984.91
585,20,79,1197.81
586,239,1,30.599999999999998
587,269,50,283.73
588,94,55,922.39
589,90,222,3756.33
590,5,140,2099.64
591,78,15,259.17
592,94,2,64.0
593,23,44,1073.3
594,262,3,77.3
595,274,7,109.8
596,86,98,1793.58
597,197,1,3096.0
598,56,127,2607.61
599,11,687,3603.29
600,22,63,962.39
601,16,170,5064.94
602,108,45,422.47
603,85,135,2388.75
604,19,23,307.09
605,333,3,110.95
606,40,6,618.52
607,26,17,228.91
608,10,4,712.8000000000001
609,29,312,3683.26
610,14,86,1676.06
611,296,74,1257.8700000000001
612,6,15,486.22
613,33,85,971.76
614,49,87,1741.22
615,95,79,1201.06
616,9,120,1429.35
617,22,4,91.8
618,313,8,112.75
619,122,79,1688.29
620,46,42,1021.48
621,283,41,417.2
622,19,65,791.33
623,36,126,1299.59
624,64,13,712.88
625,27,30,108.81
626,22,46,468.41
627,4,43,353.65
628,16,293,2742.82
629,46,67,481.49
630,65,17,282.45
631,26,265,5725.47
632,45,11,121.18
633,8,94,3957.78
634,15,179,1668.95
635,268,1,71.4
636,40,79,1575.89
637,337,37,236.02
638,11,2,114.60000000000001
639,19,29,260.68
640,95,63,911.94
641,61,25,112.08
642,136,3,60.7
643,11,110,1797.78
644,10,226,3401.2400000000002
645,4,119,9817.12
646,19,46,870.09
647,10,57,869.46
648,15,8,250.26000000000002
649,59,148,1217.65
650,30,321,5891.61
651,94,22,353.48
652,10,55,1095.42
653,20,141,786.83
654,57,90,1520.58
655,268,5,333.74
656,122,4,533.98
657,127,5,62.63999999999999
658,78,21,819.2900000000001
659,240,66,847.41
660,200,5,163.20000000000002
661,60,108,2155.95
662,3,32,6463.84
663,273,16,108.21000000000001
664,202,9,257.7
665,81,2,358.0
666,226,10,160.95
667,4,587,2755.63
668,13,202,1328.35
669,74,43,605.12
670,212,58,1031.07
671,25,36,744.85
672,17,31,700.73
673,262,22,329.56
674,96,67,663.65
675,112,13,270.40000000000003
676,203,57,585.12
677,93,27,121.74000000000001
678,51,16,430.5
679,18,136,1961.52
680,18,25,501.12
681,125,26,465.68
682,92,23,711.41
683,157,36,1030.4
684,9,13,399.51
685,14,1,0.0
686,12,36,672.83
687,62,81,283.18
688,61,8,557.62
689,269,9,944.1
690,263,11,200.29
691,1,1667,7436.93
692,53,90,2092.66
693,11,187,3834.2599999999998
694,3,211,4521.49
695,18,433,3174.75
696,1,315,5343.28
697,366,1,590.0
698,37,87,211.49
699,31,15,276.56
700,113,16,138.98
701,64,30,590.9300000000001
702,16,8,258.4
703,41,46,542.73
704,78,9,137.75
705,122,82,798.46
706,18,37,1132.14
707,60,7,93.66
708,331,13,201.19
709,23,187,2709.12
710,156,42,361.11
711,39,31,578.9399999999999
712,190,54,873.74
713,360,10,201.20000000000002
714,137,5,87.4
715,8,59,2089.85
716,1,2,360.0
717,268,5,142.5
718,169,20,371.89
719,104,81,618.09
720,155,1,63.75
721,351,21,300.42
722,4,81,2000.86
723,120,1,15.0
724,23,54,1385.51
725,7,107,1456.79
726,28,72,1132.03
727,4,26,598.57
728,22,78,1555.32
729,2,62,775.94
730,37,86,5732.93
731,66,124,2273.68
732,1,20,640.76
733,5,476,10845.550000000001
734,78,105,1532.2
735,72,11,567.36
736,17,25,199.48000000000002
737,3,21,787.85
738,36,75,7121.95
739,82,12,675.3
740,39,108,3627.77
741,316,17,1308.48
742,32,17,789.0
743,93,53,1140.93
744,14,21,350.9
745,82,265,3502.32
746,77,51,795.12
747,158,19,487.02
748,201,54,860.12
749,45,134,10736.48
750,261,42,775.85
751,178,19,353.43
752,68,116,2511.69
753,288,20,389.5
754,70,8,341.36
755,64,14,233.76
756,11,16,247.32
757,16,40,979.12
758,66,16,373.94
759,60,24,397.97999999999996
760,71,51,743.53
761,122,32,674.7
762,80,42,768.24
763,257,89,609.4
764,269,29,439.03
765,64,23,439.56
766,9,166,3090.7400000000002
767,18,60,992.5
768,71,10,134.95999999999998
769,34,128,2225.37
770,50,1,56.160000000000004
771,257,29,623.4
772,366,14,308.28000000000003
773,372,39,754.87
774,90,23,378.64
775,61,158,3312.25
776,89,37,778.65
777,99,53,1019.76
778,26,97,572.56
779,32,172,3639.31
780,281,15,222.99
781,31,152,4151.93
782,330,35,534.57
783,131,35,677.1
784,11,51,797.96
785,75,13,544.08
786,204,1,59.8
787,2,155,2520.02
788,185,21,307.72
789,29,43,1360.99
790,73,38,1544.13
791,192,26,457.34
792,127,39,621.23
793,18,3,75.0
794,1,11,252.49
795,74,27,572.451
796,2,478,28117.04
797,24,28,1003.06
798,107,18,213.55
799,134,24,1390.5
800,44,19,712.5
801,5,28,640.83
802,12,304,6127.43
803,64,16,221.06
804,150,8,159.85
805,40,102,1833.71
806,64,127,2626.3
807,108,78,1624.21
808,1,157,3641.32
809,19,29,582.6
810,10,71,201.78
811,11,67,1006.8
812,19,49,679.45
813,67,46,1269.1
814,74,10,534.24
815,5,101,3809.8900000000003
816,2,12,196.89
817,14,167,3408.06
818,255,54,283.71
819,92,13,296.64
820,23,59,1129.14
821,17,194,3534.69
822,24,19,291.88
823,27,71,2043.7199999999998
824,26,433,2898.2599999999998
825,259,2,590.0
826,166,17,356.97999999999996
827,25,46,1058.34
828,18,63,1766.72
829,7,382,9646.57
830,29,17,183.44
831,39,27,1445.0
832,253,9,151.5
833,58,41,674.68
834,184,17,307.9
835,11,98,1071.91
836,2,302,5704.97
837,99,10,165.0
838,1,254,2501.84
839,61,21,422.64
840,236,62,226.84
841,191,86,1431.78
842,179,58,1238.47
843,38,79,1454.58
844,201,15,300.95
845,46,109,1804.56
846,232,11,184.64
847,66,10,140.34
848,241,8,313.8
849,233,23,454.24
850,78,69,1122.41
851,58,34,575.4
852,17,422,8968.31
853,105,14,449.52
854,52,86,1215.82
855,136,50,1269.84
856,275,8,618.63
857,312,18,316.26000000000005
858,8,48,2044.8700000000001
859,11,35,653.33
860,283,19,348.05
861,18,42,1159.11
862,23,65,1166.77
863,288,52,1340.32
864,17,18,292.0
865,71,17,216.85
866,64,22,295.93
867,73,215,4393.63
868,316,26,458.52
869,3,162,2479.16
870,244,12,110.97
871,9,44,979.72
872,1,115,1791.56
873,261,15,251.21
874,127,10,205.1
875,74,4,152.20000000000002
876,73,59,891.12
877,21,44,1389.41
878,60,141,2128.42
879,86,36,627.16
880,78,8,122.75
881,59,93,3624.35
882,1,418,1071.73
883,30,5,125.80000000000001
884,33,172,3964.88
885,41,27,680.1800000000001
886,15,6,628.78
887,34,217,2242.36
888,79,15,307.76
889,205,22,483.8
890,34,66,210.31
891,183,75,269.09
892,2,296,5870.08
893,1,178,3444.39
894,43,25,1280.85
895,86,37,631.34
896,40,78,276.06
897,12,97,621.09
898,96,123,678.16
899,26,51,918.2
900,319,4,91.80000000000001
901,66,109,3740.07
902,74,135,4098.88
903,28,34,584.06
904,6,169,594.52
905,7,32,171.42000000000002
906,216,14,141.85999999999999
907,82,82,1799.33
908,84,49,777.53
909,144,81,1724.67
910,19,38,240.22
911,41,169,856.84
912,173,43,187.05
913,17,79,338.62
914,243,27,239.49
915,13,340,2088.94
916,206,33,1384.25
917,50,25,290.25
918,23,46,732.0699999999999
919,10,126,6717.34
920,25,83,1687.6000000000001
921,15,23,467.04
922,309,10,118.0
923,156,53,781.03
924,307,24,142.4
925,64,8,712.4
926,16,174,2478.95
927,15,21,379.65
928,11,87,1981.92
929,65,58,1117.13
930,36,16,247.95999999999998
931,108,127,2011.88
932,53,26,396.97
933,6,146,664.11
934,47,35,160.04
935,1,246,5149.92
936,312,19,219.52
937,45,99,693.32
938,65,23,428.89
939,26,27,164.34
940,29,40,276.75
941,40,97,675.51
942,12,215,1082.33
943,89,72,1154.4
944,24,195,1585.46
945,319,23,417.69
946,40,44,544.18
947,174,13,177.34
948,117,19,213.85
949,31,78,727.74
950,253,19,257.23
951,59,92,1638.47
952,23,59,7792.36
953,5,71,2031.78
954,100,11,3070.42
955,25,145,2118.93
956,33,186,1547.3600000000001
957,68,62,1071.03
958,37,63,949.12
959,52,99,804.3
960,16,8,122.64
961,74,40,1033.34
962,216,57,312.28
963,31,28,519.44
964,16,146,2624.26
965,120,5,252.1
966,10,78,1648.1200000000001
967,257,23,346.6
968,17,96,1836.34
969,35,6,94.2
970,46,63,1095.08
971,43,166,2707.33
972,114,56,932.97
973,165,49,379.65
974,11,16,382.14
975,10,108,2639.17
976,206,103,1563.0
977,86,52,881.26
978,179,13,189.47
979,60,12,84.65
980,149,83,299.05
981,3,463,6309.83
982,51,9,218.55
983,75,25,349.7
984,301,6,186.39000000000001
985,19,60,387.44
986,151,25,486.82000000000005
987,152,16,232.6
988,1,194,3719.12
989,18,57,827.83
990,187,3,59.5
991,286,29,65.13
992,3,39,3119.44
993,183,8,72.0
994,63,6,910.0
995,59,9,172.25
996,25,53,1488.32
997,4,568,65039.62
998,31,90,2504.13
999,39,12,151.29999999999998
1000,155,14,308.58000000000004
1001,26,194,2248.63
1002,318,1,99.5
1003,5,134,2308.06
1004,8,28,711.86
1005,303,20,330.79
1006,267,48,806.41
1007,271,49,285.33
1008,4,335,6307.650000000001
1009,32,8,180.48
1010,219,13,252.06
1011,247,10,228.84
1012,281,104,1077.39
1013,269,21,138.28
1014,32,102,1445.01
1015,246,12,306.55
1016,15,60,1041.68
1017,117,43,799.9
1018,36,28,524.14
1019,132,85,2375.41
1020,217,6,199.85000000000002
1021,50,104,1980.56
1022,39,42,1079.6599999999999
1023,29,20,333.48
1024,37,63,1016.14
1025,136,43,752.6
1026,219,38,610.59
1027,28,33,491.86
1028,25,195,2883.54
1029,5,190,729.8
1030,200,30,339.59999999999997
1031,18,3,216.9
1032,241,23,350.75
1033,72,34,668.4300000000001
1034,17,313,3107.87
1035,3,41,1341.6
1036,95,63,1080.52
1037,162,25,300.04
1038,374,1,79.6
1039,96,28,948.25
1040,54,24,1647.26
1041,288,9,296.25
1042,124,75,1175.38
1043,288,35,741.26
1044,152,12,282.59999999999997
1045,4,321,2108.06
1046,2,142,5189.52
1047,12,117,3190.55
1048,33,25,659.4100000000001
1049,54,57,286.79
1050,50,70,1070.65
1051,219,7,306.72
1052,63,15,1714.96
1053,71,207,1519.42
1054,2,368,17220.36
1055,2,135,2796.51
1056,64,119,2634.45
1057,34,173,1122.63
1058,82,22,345.0
1059,1,197,25977.16
1060,103,9,178.7
1061,7,57,360.01
1062,251,17,127.84
1063,13,113,908.86
1064,10,31,2462.79
1065,367,7,230.39999999999998
1066,76,31,309.04
1067,4,45,348.8
1068,128,11,1516.0
1069,66,13,195.55
1070,1,349,37153.85
1071,117,39,688.86
1072,310,33,558.32
1073,67,23,324.8
1074,139,60,4599.42
1075,255,17,277.07
1076,31,135,2588.39
1077,52,13,924.6
1078,64,10,256.38
1079,367,7,112.6
1080,6,76,1747.66
1081,305,12,155.05
1082,29,35,1499.01
1083,184,13,814.5
1084,42,36,539.0
1085,40,69,1366.8600000000001
1086,92,57,1579.12
1087,22,176,4027.36
1088,24,28,571.6700000000001
1089,29,24,382.98
1090,302,36,1140.35
1091,145,59,385.64
1092,6,96,632.0
1093,19,40,957.66
1094,33,46,1698.94
1095,176,10,189.5
1096,58,92,409.8
1097,22,15,209.49
1098,16,72,2198.45
1099,19,3,52.199999999999996
1100,159,28,383.85
1101,25,55,834.57
1102,212,18,266.59000000000003
1103,6,165,674.82
1104,253,1,85.0
1105,59,206,3385.62
1106,11,20,361.62
1107,65,9,312.98
1108,25,55,865.0600000000001
1109,92,5,1255.0
1110,52,101,1537.95
1111,129,93,1595.48
1112,96,81,2651.46
1113,57,23,1090.14
1114,9,110,8109.5199999999995
1115,169,14,388.5
1116,57,11,216.17
1117,326,28,201.16
1118,1,76,1245.9
1119,18,139,2209.36
1120,248,20,305.78
1121,58,30,501.56
1122,74,7,145.67000000000002
1123,31,60,1005.09
1124,7,33,3192.54
1125,123,304,3083.65
1126,2,115,2770.94
1127,23,336,6403.25
1128,120,23,389.6
1129,358,18,540.45
1130,54,104,1786.79
1131,64,7,122.7
1132,86,3,117.24
1133,55,35,1271.57
1134,21,165,3219.77
1135,4,178,17159.52
1136,3,65,1191.13
1137,11,142,2674.48
1138,7,59,787.6
1139,189,28,506.8
1140,71,16,243.56
1141,204,19,349.55
1142,120,39,595.67
1143,93,15,416.90000000000003
1144,1,110,1883.8100000000002
1145,27,27,632.97
1146,298,21,821.1
1147,24,27,564.62
1148,28,118,2593.07
1149,50,17,311.16
1150,326,12,155.93
1151,16,19,388.52
1152,183,43,740.95
1153,72,149,2867.2
1154,37,26,332.64
1155,80,122,2369.55
1156,57,148,2580.91
1157,12,33,626.45
1158,50,18,272.04
1159,50,30,1212.8400000000001
1160,59,28,384.81
1161,352,7,172.25
1162,54,20,351.13
1163,2,117,1838.8500000000001
1164,93,41,678.25
1165,23,11,223.85000000000002
1166,75,21,348.99
1167,11,27,464.57
1168,169,9,842.65
1169,58,17,337.34
1170,96,58,1237.53
1171,295,16,307.4
1172,109,23,608.7900000000001
1173,264,31,922.1
1174,180,26,376.58
1175,169,9,158.85
1176,35,7,71.66
1177,23,45,568.55
1178,17,49,839.14
1179,22,45,5112.96
1180,79,11,561.5699999999999
1181,65,5,90.6
1182,361,3,102.0
1183,3,160,2427.32
1184,11,35,745.06
1185,176,39,674.45
1186,218,137,3251.071
1187,7,20,3515.68
1188,2,25,439.92
1189,154,33,322.96
1190,5,147,1019.27
1191,79,90,594.04
1192,21,12,230.22
1193,22,11,169.55
1194,308,35,664.54
1195,146,2,80.7
1196,7,619,9024.17
1197,19,149,2758.26
1198,71,15,190.25
1199,287,11,264.7
1200,49,28,413.59000000000003
1201,31,329,2461.2400000000002
1202,207,10,357.98
1203,15,15,196.79000000000002
1204,73,54,869.87
1205,60,11,200.14
1206,39,111,1871.81
1207,30,107,2603.43
1208,27,16,920.51
1209,4,351,7060.13
1210,17,13,320.46
1211,20,234,4147.96
1212,66,41,1266.08
1213,213,16,311.3
1214,12,82,852.88
1215,30,5,76.8
1216,43,121,3466.36
1217,4,148,2274.14
1218,15,86,1393.69
1219,10,208,3901.81
1220,211,15,635.66
1221,46,39,2043.0800000000002
1222,134,47,529.73
1223,43,171,4582.64
1224,10,84,2874.72
1225,116,30,962.19
1226,198,42,695.61
1227,278,11,328.8
1228,110,34,473.02
1229,77,39,505.18
1230,53,20,917.34
1231,162,161,4341.21
1232,47,66,1421.61
1233,17,39,642.8
1234,155,22,631.9
1235,225,28,440.0
1236,7,31,584.07
1237,122,16,327.7
1238,61,6,104.82
1239,63,15,467.66
1240,18,242,2358.84
1241,7,250,17286.86
1242,2,143,2975.59
1243,22,86,648.89
1244,29,66,1428.02
1245,285,38,626.65
1246,176,28,147.20000000000002
1247,78,92,1560.38
1248,33,6,152.2
1249,41,229,3560.32
1250,266,21,141.41
1251,27,206,646.42
1252,109,6,1659.75
1253,284,14,154.99
1254,9,32,1308.6100000000001
1255,305,85,409.93
1256,17,478,5578.72
1257,32,54,746.36
1258,1,210,15610.390000000001
1259,20,56,225.36
1260,124,4,260.25
1261,65,6,92.46
1262,106,10,725.6400000000001
1263,1,1088,8152.71
1264,24,283,6211.66
1265,267,8,183.6
1266,5,202,6140.42
1267,10,111,10464.85
1268,29,77,1334.34
1269,267,7,152.55
1270,64,52,374.7
1271,320,24,265.85
1272,4,323,1437.57
1273,32,13,151.04
1274,5,43,942.26
1275,129,44,118.67
1276,41,42,499.41999999999996
1277,102,65,1049.37
1278,125,12,375.1
1279,33,4,45.599999999999994
1280,302,150,921.62
1281,365,29,182.25
1282,4,177,1002.9
1283,2,448,4421.29
1284,3,68,191.47
1285,10,589,50491.81
1286,57,13,158.75
1287,325,1,76.32000000000001
1288,8,214,4076.91
1289,12,100,433.86
1290,4,5111,65164.79
1291,37,21,147.35
1292,16,250,3104.17
1293,138,25,191.95000000000002
1294,74,35,5976.79
1295,5,58,1105.8799999999999
1296,155,21,216.20999999999998
1297,239,74,1266.23
1298,52,123,2703.23
1299,31,34,597.91
1300,73,9,144.2
1301,4,156,5683.15
1302,14,10,692.85
1303,23,160,2915.15
1304,4,34,1840.42
1305,274,15,386.53
1306,20,72,1382.74
1307,144,3,90.0
1308,4,159,2780.15
1309,84,5,419.58000000000004
1310,11,166,2720.63
1311,8,15,706.1300000000001
1312,123,44,709.71
1313,61,46,637.5
1314,2,52,1123.8600000000001
1315,319,66,480.91
1316,2,200,3586.0299999999997
1317,130,28,605.64
1318,2,134,4690.31
1319,2,46,965.8800000000001
1320,46,26,415.82
1321,4,66,935.05
1322,3,40,915.13
1323,373,22,311.81
1324,134,7,115.8
1325,47,11,3742.2
1326,9,210,4191.0
1327,78,5,483.4
1328,234,3,157.2
1329,221,28,446.62
1330,36,26,658.64
1331,75,49,621.29
1332,239,52,1345.62
1333,266,6,118.75
1334,10,1395,117210.08
1335,20,46,424.89000000000004
1336,40,41,507.66
1337,20,1175,4630.35
1338,216,104,1097.6200000000001
1339,174,25,289.36
1340,87,52,2445.91
1341,71,29,1631.77
1342,276,24,120.44
1343,39,50,562.59
1344,98,58,363.79
1345,11,29,450.84
1346,33,26,134.46
1347,60,149,3222.3
1348,297,31,576.9000000000001
1349,86,41,549.46
1350,9,318,1600.26
1351,41,157,701.57
1352,11,240,4748.52
1353,67,24,452.89
1354,331,3,197.65
1355,31,65,2054.36
1356,2,265,4654.08
1357,2,259,4684.76
1358,68,42,853.39
1359,5,579,11349.52
1360,202,7,1012.0
1361,107,6,335.52
1362,18,39,701.4
1363,218,2,185.39999999999998
1364,60,37,747.44
1365,2,39,150.61
1366,17,24,466.7
1367,239,20,328.15999999999997
1368,95,10,151.74
1369,11,87,2073.43
1370,106,102,1905.8400000000001
1371,53,112,2241.1
1372,90,9,1070.48
1373,31,67,1004.38
1374,12,108,1789.72
1375,3,59,1839.3
1376,2,100,2004.98
1377,43,12,169.48000000000002
1378,4,7,89.94
1379,247,21,632.4
1380,42,193,3432.8
1381,177,41,683.17
1382,92,60,991.13
1383,110,113,1009.73
1384,29,66,2214.79
1385,26,175,3350.96
1386,52,40,1547.2
1387,184,50,925.71
1388,43,115,2048.07
1389,49,35,1462.72
1390,22,147,754.12
1391,75,79,3144.86
1392,81,15,490.86
1393,373,9,161.0
1394,326,8,146.85
1395,43,112,2380.85
1396,30,42,890.34
1397,184,10,213.70000000000002
1398,235,16,280.55
1399,9,141,2588.77
1400,220,108,1693.45
1401,111,75,1474.06
1402,278,20,136.76999999999998
1403,318,8,302.58
1404,7,111,1904.05
1405,2,78,2879.7000000000003
1406,260,53,969.0600000000001
1407,64,106,3099.7200000000003
1408,9,111,12669.98
1409,142,5,120.0
1410,51,52,1163.45
1411,8,143,2618.23
1412,155,17,333.97
1413,109,31,530.18
1414,163,55,1516.24
1415,332,29,492.65000000000003
1416,226,10,112.32
1417,74,33,437.96
1418,51,29,559.97
1419,99,64,1119.74
1420,15,222,4188.0
1421,197,8,134.04
1422,3,154,3701.44
1423,31,32,595.25
1424,21,27,1910.01
1425,24,280,4628.75
1426,8,9,176.63
1427,213,16,426.6
1428,9,47,911.26
1429,11,101,2314.65
1430,2,237,3883.25
1431,8,100,4871.93
1432,3,61,1046.56
1433,40,5,166.20000000000002
1434,18,62,1305.33
1435,8,1637,51527.3
1436,8,143,3965.62
1437,19,3,43.2
1438,117,13,640.14
1439,223,17,383.45
1440,71,105,1858.96
1441,51,33,2093.32
1442,89,180,2995.72
1443,8,117,2352.53
1444,243,20,310.26
1445,47,87,1611.59
1446,107,8,120.0
1447,45,101,2481.13
1448,65,24,508.58000000000004
1449,207,31,477.79
1450,11,123,1530.75
1451,115,36,605.0600000000001
1452,242,8,183.85
1453,163,12,311.65
1454,17,258,4975.24
1455,124,28,462.65999999999997
1456,23,25,840.21
1457,68,15,415.2
1458,17,162,2552.21
1459,16,60,454.86
1460,17,90,1614.91
1461,161,31,588.22
1462,243,14,309.52
1463,219,6,134.7
1464,45,128,2166.98
1465,21,21,668.5600000000001
1466,127,71,889.9300000000001
1467,39,6,108.97999999999999
1468,121,60,1021.58
1469,260,18,409.57
1470,10,31,133.5
1471,274,18,282.93
1472,165,1,51.0
1473,157,47,1078.96
1474,215,6,90.6
1475,6,9,163.62
1476,366,11,174.4
1477,80,33,701.23
1478,43,40,225.12
1479,19,55,912.18
1480,32,117,2118.03
1481,22,37,151.5
1482,109,69,3717.35
1483,8,521,9227.82
1484,320,8,155.0
1485,295,4,100.5
1486,358,4,76.55
1487,185,66,235.56
1488,191,11,617.05
1489,44,46,348.1
1490,52,56,202.68
1491,26,126,615.49
1492,38,59,1247.69
1493,9,14,202.11
1494,297,7,142.4
1495,33,139,1727.6
1496,10,186,3212.84
1497,65,45,1043.46
1498,10,284,4642.57
1499,218,5,67.95
1500,2,348,3479.91
1501,65,73,487.99
1502,3,87,2612.96
1503,149,25,574.7
1504,4,182,4051.48
1505,130,20,1475.81
1506,34,100,1449.32
1507,119,8,156.75
1508,107,73,2157.73
1509,11,106,2599.03
1510,71,54,2059.4500000000003
1511,92,190,1100.27
1512,311,14,1063.0
1513,43,43,770.03
1514,362,22,121.05
1515,92,97,1496.98
1516,1,579,5855.57
1517,22,14,490.22
1518,4,124,1937.25
1519,11,202,1051.79
1520,99,29,387.52
1521,57,27,813.11
1522,1,222,4263.64
1523,218,3,265.2
1524,18,1,322.08
1525,24,224,4481.67
1526,50,17,363.34000000000003
1527,7,137,1224.06
1528,303,17,470.36
1529,10,377,2248.5
1530,22,12,1372.8
1531,99,9,89.06
1532,366,5,63.0
1533,306,9,131.9
1534,320,32,2661.24
1535,8,55,2357.6800000000003
1536,1,51,1712.89
1537,205,63,1589.82
1538,54,93,1420.2
1539,1,277,1010.35
1540,19,70,1163.23
1541,9,20,375.35
1542,19,250,885.8
1543,181,40,483.25
1544,60,105,643.9
1545,11,60,259.05
1546,190,22,119.93
1547,5,947,3017.28
1548,311,4,113.64
1549,155,37,1837.92
1550,110,16,434.34
1551,148,180,2103.06
1552,66,233,1980.57
1553,98,6,529.62
1554,247,123,1038.44
1555,29,72,2272.4
1556,18,89,596.26
1557,12,43,461.19
1558,104,265,1852.67
1559,74,7,234.34000000000003
1560,46,29,547.66
1561,72,42,925.85
1562,257,17,193.0
1563,20,10,1309.6
1564,254,18,316.25
1565,11,13,279.05
1566,165,30,636.51
1567,18,137,2022.81
1568,282,9,137.1
1569,50,14,321.92
1570,39,46,162.8
1571,27,140,1165.48
1572,68,46,1064.28
1573,207,30,463.38
1574,175,17,340.93
1575,7,120,2383.2400000000002
1576,26,7,139.56
1577,51,6,123.8
1578,312,19,538.8100000000001
1579,309,29,475.37
1580,43,193,1957.32
1581,26,190,808.44
1582,88,7,356.85
1583,184,10,251.21
1584,20,608,2429.83
1585,3,164,3543.26
1586,47,107,673.26
1587,17,785,5859.43
1588,17,295,1960.65
1589,24,95,1367.88
1590,22,55,268.05
1591,11,68,1314.81
1592,188,23,275.28
1593,101,12,455.59000000000003
1594,61,69,990.2
1595,18,98,2076.89
1596,33,18,330.45
1597,64,16,174.37
1598,2,4,270.6
1599,24,17,974.54
1600,108,12,241.09
1601,32,197,1843.83
1602,20,282,4215.9
1603,3,971,8507.13
1604,37,18,364.21999999999997
1605,60,213,578.61
1606,26,213,2862.11
1607,236,64,932.85
1608,25,62,1949.72
1609,3,508,4397.3
1610,60,328,2854.84
1611,260,18,170.95
1612,58,10,355.56
1613,65,19,388.25
1614,16,32,537.48
1615,10,71,952.66
1616,59,105,1453.35
1617,186,5,103.25
1618,29,71,3599.73
1619,24,111,2004.3
1620,5,397,2573.93
1621,4,355,3974.75
1622,151,4,652.8
1623,311,56,289.24
1624,11,47,757.37
1625,18,10,186.23
1626,152,57,164.22
1627,19,113,859.27
1628,10,203,2279.4900000000002
1629,57,19,312.54
1630,85,16,788.38
1631,7,74,2237.77
1632,76,69,1080.76
1633,4,419,5006.77
1634,96,127,3099.12
1635,111,4,1432.0
1636,57,33,1530.3600000000001
1637,1,12,227.39
1638,281,29,218.06
1639,3,262,2804.54
1640,180,227,1639.82
1641,372,1,35.400000000000006
1642,13,123,859.71
1643,3,24,168.63
1644,17,17,138.6
1645,41,6,114.11
1646,6,302,986.96
1647,169,98,1033.06
1648,50,29,157.05
1649,277,19,237.36
1650,19,371,1580.29
1651,372,3,39.75
1652,15,176,1320.21
1653,35,158,557.94
1654,22,151,617.15
1655,7,52,363.33
1656,20,102,1740.6
1657,11,47,866.24
1658,44,50,221.97
1659,306,25,393.33000000000004
1660,11,7,213.96
1661,275,2,660.0
1662,1,2677,12076.15
1663,16,81,16209.5
1664,4,20,1785.15
1665,72,4,601.56
1666,243,3,406.08000000000004
1667,9,16,553.44
1668,246,20,394.44
1669,206,26,412.78000000000003
1670,1,92,1788.3600000000001
1671,185,21,320.58000000000004
1672,32,133,886.7
1673,57,13,225.85
1674,196,53,899.63
1675,24,122,2791.27
1676,91,24,671.96
1677,4,150,955.26
1678,51,41,1006.98
1679,263,8,114.56
1680,266,20,344.90000000000003
1681,36,28,609.85
1682,51,16,443.6
1683,52,172,2984.49
1684,24,105,2107.38
1685,22,7,110.46
1686,59,2,96.12
1687,170,31,693.8100000000001
1688,68,26,830.76
1689,157,30,597.09
1690,2,2080,280206.02
1691,201,28,236.04000000000002
1692,5,186,1402.59
1693,67,101,653.75
1694,77,29,114.18
1695,1,234,1926.65
1696,8,49,1932.23
1697,169,80,291.05
1698,18,126,848.22
1699,5,29,247.15
1700,9,253,2529.93
1701,87,30,285.74
1702,27,4,107.95
1703,29,157,741.37
1704,20,98,636.24
1705,61,90,1835.7
1706,24,14,195.25
1707,11,567,9175.04
1708,242,166,1259.24
1709,280,123,392.86
1710,235,61,765.55
1711,3,74,1736.4
1712,16,97,596.36
1713,31,42,2548.2400000000002
1714,25,258,28754.11
1715,71,7,498.95
1716,188,2,52.0
1717,26,390,1201.51
1718,107,15,628.38
1719,8,324,5579.1
1720,209,13,112.8
1721,44,48,355.05
1722,31,71,2114.33
1723,137,68,591.55
1724,265,8,172.9
1725,4,130,2078.95
1726,218,22,188.60999999999999
1727,2,200,1217.27
1728,214,8,109.13000000000001
1729,32,112,2195.1
1730,11,327,2526.09
1731,1,342,3251.79
1732,15,22,318.17
1733,11,393,1493.96
1734,199,1,179.0
1735,3,28,1126.37
1736,15,196,4921.04
1737,14,136,599.48
1738,10,345,2839.62
1739,29,25,917.07
1740,9,338,2662.2
1741,24,10,160.19
1742,25,71,867.38
1743,43,51,307.51
1744,2,235,1581.84
1745,6,37,663.81
1746,147,28,180.42000000000002
1747,10,259,1122.3600000000001
1748,25,47,655.58
1749,274,10,268.58
1750,374,71,313.49
1751,1,462,1897.57
1752,47,45,380.02
1753,8,147,2702.4900000000002
1754,16,202,9585.91
1755,4,194,6065.69
1756,4,17,1164.55
1757,43,54,1314.45
1758,4,60,3902.28
1759,197,89,1448.21
1760,12,59,1400.34
1761,16,26,1099.98
1762,113,69,1220.26
1763,249,18,328.2
1764,29,89,1415.75
1765,44,5,389.64
1766,87,30,563.15
1767,45,41,638.05
1768,10,235,5010.28
1769,15,38,738.96
1770,75,19,420.5
1771,145,71,1484.06
1772,5,102,1625.97
1773,297,5,89.2
1774,59,11,255.9
1775,264,21,300.52
1776,47,6,278.3
1777,29,39,254.11
1778,8,135,2473.37
1779,17,5,192.60000000000002
1780,3,1062,10416.98
1781,232,52,876.42
1782,112,9,139.26
1783,58,60,1011.9
1784,51,117,2538.3
1785,127,35,730.86
1786,281,41,386.15
1787,55,27,447.68
1788,320,6,200.10000000000002
1789,26,15,289.99
1790,10,3,77.4
1791,7,30,679.4399999999999
1792,29,6,197.64
1793,17,46,745.06
1794,64,2,6.2
1795,21,14,228.99
1796,3,80,1319.91
1797,166,6,131.45000000000002
1798,1,1132,7975.49
1799,53,12,173.74
1800,51,13,157.7
1801,48,383,4331.79
1802,61,57,189.34
1803,162,44,845.55
1804,9,12,353.27
1805,15,46,546.4
1806,75,11,193.39000000000001
1807,40,231,2718.6
1808,41,254,2085.33
1809,370,29,152.88
1810,37,53,778.5
1811,197,4,271.85
1812,200,63,1110.34
1813,74,48,657.8
1814,64,13,272.07
1815,21,29,507.29
1816,367,2,48.800000000000004
1817,180,70,321.43
1818,10,29,1127.71
1819,4,120,2221.01
1820,197,17,2139.76
1821,29,42,697.55
1822,53,39,188.88
1823,18,67,1720.3
1824,10,6,102.44999999999999
1825,90,108,1649.5
1826,268,4,62.85
1827,53,138,3295.76
1828,44,145,2824.69
1829,64,130,3189.81
1830,149,13,309.4
1831,22,388,7930.54
1832,312,21,325.75
1833,23,28,511.35
1834,58,143,2836.69
1835,24,9,475.8
1836,78,126,2740.03
1837,119,20,645.65
1838,36,65,1290.53
1839,60,60,1173.12
1840,13,58,1353.74
1841,19,11,170.32
1842,52,6,125.79
1843,26,48,841.1999999999999
1844,29,11,266.76
1845,7,4,52.2
1846,11,99,14389.9
1847,186,36,710.28
1848,3,144,2953.59
1849,9,70,721.45
1850,262,13,327.25
1851,3,93,501.28000000000003
1852,210,28,519.68
1853,108,47,1465.3200000000002
1854,13,122,1476.09
1855,77,46,690.59
1856,20,17,255.4
1857,27,11,589.7
1858,19,53,761.59
1859,132,15,765.3199999999999
1860,253,18,364.8
1861,79,6,1862.0
1862,207,20,369.2
1863,336,10,135.9
1864,254,7,125.65
1865,148,33,554.38
1866,10,73,1237.8500000000001
1867,85,23,655.75
1868,8,498,11138.710000000001
1869,205,43,468.77000000000004
1870,8,55,1366.38
1871,23,109,1269.31
1872,11,96,1421.29
1873,26,20,332.66
1874,21,350,2795.33
1875,2,69,1025.44
1876,158,17,616.15
1877,3,165,3501.1
1878,74,9,277.8
1879,3,30,434.35
1880,1,5672,143711.17
1881,17,27,867.85
1882,36,87,1227.43
1883,91,12,307.48
1884,71,77,1268.98
1885,116,45,1610.15
1886,213,57,977.77
1887,30,78,1316.07
1888,51,44,749.1
1889,246,10,310.05
1890,32,11,223.88
1891,109,127,2362.96
1892,5,41,1257.68
1893,366,17,363.53
1894,82,87,1890.94
1895,297,10,1784.71
1896,34,364,8137.02
1897,57,34,1621.88
1898,30,170,5900.25
1899,14,3,100.9
1900,72,14,290.82
1901,23,63,1101.97
1902,19,19,371.2
1903,79,20,311.69
1904,60,138,8099.49
1905,25,54,285.67
1906,12,77,294.85
1907,253,12,58.49
1908,147,41,483.72999999999996
1909,64,59,695.42
1910,8,27,221.27
1911,11,312,7044.68
1912,271,5,126.7
1913,10,192,1472.34
1914,247,13,206.21
1915,96,81,596.09
1916,15,36,183.02
1917,50,6,463.8
1918,30,37,147.59
1919,68,34,1592.06
1920,35,155,1097.98
1921,128,18,114.77
1922,107,32,1314.45
1923,37,17,89.94
1924,57,11,279.94
1925,57,72,790.86
1926,72,214,1921.3700000000001
1927,246,8,102.12
1928,19,39,202.37
1929,198,83,292.01
1930,16,4,326.4
1931,212,40,334.54
1932,39,60,231.98000000000002
1933,46,26,546.1999999999999
1934,170,74,414.87
1935,48,77,490.52
1936,116,115,1641.76
1937,147,154,1220.77
1938,16,1112,6295.37
1939,51,132,480.38
1940,159,12,156.91
1941,12,180,1259.43
1942,36,20,308.94
1943,54,122,405.04
1944,43,33,257.67
1945,173,20,170.04
1946,34,20,125.58
1947,39,31,496.21000000000004
1948,267,66,252.81
1949,9,444,1871.77
1950,12,121,852.39
1951,3,553,6720.41
1952,10,152,1636.43
1953,33,67,361.96
1954,80,61,469.0
1955,31,35,1066.1499999999999
1956,8,48,627.13
1957,72,7,518.28
1958,4,110,653.19
1959,256,52,4959.1
1960,5,501,2557.18
1961,16,390,4274.16
1962,90,27,252.73000000000002
1963,72,119,429.56
1964,59,125,685.74
1965,10,1477,19766.59
1966,170,66,179.93
1967,199,5,135.93
1968,31,3,537.0
1969,19,444,7634.7300000000005
1970,152,12,735.66
1971,9,201,5090.42
1972,270,22,343.62
1973,65,94,381.0
1974,274,3,121.17000000000002
1975,25,76,1737.69
1976,23,142,1383.3600000000001
1977,319,28,207.73000000000002
1978,5,69,693.95
1979,12,114,302.1
1980,275,25,1489.5
1981,25,266,2102.54
1982,41,237,1337.72
1983,8,115,294.25
1984,4,403,54534.14
1985,71,57,987.86
1986,213,5,370.79999999999995
1987,38,155,3158.13
1988,53,42,893.59
1989,78,82,1744.76
1990,46,104,553.36
1991,179,70,1109.53
1992,373,1,106.2
1993,94,26,982.07
1994,10,54,1043.41
1995,105,41,735.67
1996,78,27,773.03
1997,173,49,880.85
1998,7,440,9743.11
1999,213,47,895.61
2000,22,33,504.8
2001,257,5,88.2
2002,282,15,306.94
2003,21,57,1160.07
2004,10,145,2420.84
2005,308,23,381.32
2006,68,30,480.71
2007,215,26,457.81
2008,18,108,4597.02
2009,104,47,1370.6
2010,43,11,219.39000000000001
2011,4,25,248.08
2012,182,3,39916.5
2013,84,23,410.48
2014,334,3,876.0
2015,9,8,317.53
2016,31,35,703.36
2017,197,67,993.54
2018,18,101,2298.93
2019,18,100,1422.52
2020,311,17,319.5
2021,142,60,1300.25
2022,246,28,484.95
2023,24,35,996.1
2024,29,84,1567.48
2025,10,97,3509.43
2026,30,197,2760.56
2027,18,21,340.11
2028,18,45,1352.75
2029,15,79,1551.78
2030,134,1,244.8
2031,246,14,266.4
2032,134,21,358.82
2033,50,28,457.72
2034,114,82,1633.78
2035,7,106,2199.31
2036,23,15,184.19
2037,25,127,11528.48
2038,66,16,406.53
2039,60,102,1471.0
2040,50,84,3447.4
2041,170,22,330.11
2042,18,52,977.9300000000001
2043,128,29,982.42
2044,15,73,1387.99
2045,239,9,139.05
2046,3,68,1286.7
2047,240,13,178.96
2048,52,80,2354.25
2049,46,26,498.74
2050,226,14,259.45
2051,8,217,6580.44
2052,4,67,1194.73
2053,165,91,1327.16
2054,240,28,623.5
2055,11,20,301.29
2056,134,23,520.8000000000001
2057,17,341,5291.33
2058,10,271,4745.69
2059,31,22,329.25
2060,75,71,254.28
2061,1,55,961.49
2062,4,125,1936.07
2063,45,7,401.40000000000003
2064,2,710,18641.010000000002
2065,357,4,158.16
2066,18,29,304.47
2067,69,101,824.58
2068,373,27,487.75
2069,321,39,158.8
2070,26,5,106.56
2071,331,5,1289.5
2072,9,110,1624.05
2073,323,11,135.75
2074,72,23,224.14
2075,260,3,40.5
2076,18,93,2206.95
2077,367,6,87.5
2078,66,16,689.4799999999999
2079,154,29,622.85
2080,29,62,402.2
2081,70,21,310.62
2082,14,19,411.41
2083,2,91,4777.18
2084,1,212,16225.39
2085,120,51,1044.32
2086,61,19,499.32
2087,3,310,7616.53
2088,3,1,3861.0
2089,11,32,1079.6100000000001
2090,92,10,193.64
2091,59,13,1268.7
2092,87,69,1236.54
2093,26,142,1827.8
2094,357,9,316.58
2095,85,37,653.24
2096,10,9,420.29999999999995
2097,1,42,870.12
2098,225,20,331.18
2099,60,52,894.4100000000001
2100,241,5,101.8
2101,319,24,328.35
2102,2,110,1661.44
2103,47,35,734.94
2104,88,2,96.6
2105,11,166,5756.89
2106,176,9,305.75
2107,52,117,1778.96
2108,366,5,403.25
2109,319,5,585.0
2110,226,20,755.75
2111,358,14,322.08
2112,234,23,409.40000000000003
2113,311,8,154.41
2114,37,58,1219.4
2115,66,125,3386.71
2116,239,23,429.6
2117,113,31,612.06
2118,277,14,197.0
2119,218,143,2247.51
2120,299,15,321.05
2121,2,99,1412.32
2122,29,50,1071.99
2123,10,49,780.59
2124,45,78,1706.57
2125,67,110,1756.44
2126,74,22,316.68
2127,65,34,631.57
2128,134,89,2515.84
2129,238,33,514.15
2130,122,6,356.0
2131,32,350,6688.46
2132,9,111,10484.99
2133,36,44,740.78
2134,16,53,918.1999999999999
2135,127,18,300.36
2136,67,47,890.85
2137,149,6,98.45
2138,283,7,317.15
2139,169,34,623.16
2140,100,77,1810.77
2141,135,19,254.82
2142,324,10,178.95000000000002
2143,107,12,156.51
2144,64,23,393.74
2145,151,82,1506.1200000000001
2146,338,6,119.3
2147,22,11,1717.36
2148,24,2,408.8
2149,16,41,2379.49
2150,7,264,2493.34
2151,57,63,721.94
2152,4,47,716.57
2153,38,41,615.14
2154,66,49,128.63
2155,47,12,255.89999999999998
2156,355,19,290.51
2157,172,16,113.12
2158,59,139,2332.15
2159,50,3,240.55
2160,22,20,486.69
2161,43,88,2306.52
2162,29,58,939.78
2163,5,204,7943.22
2164,26,103,4668.3
2165,201,24,178.39
2166,51,194,3672.86
2167,10,39,641.94
2168,2,192,4799.9
2169,67,7,4507.01
2170,64,28,496.44
2171,51,242,5049.95
2172,290,31,574.02
2173,61,23,694.4000000000001
2174,64,58,1174.35
2175,96,12,205.3
2176,274,19,310.47
2177,1,2366,60632.75
2178,75,47,924.85
2179,110,1,52.0
2180,199,24,327.97
2181,64,37,570.5
2182,327,1,165.0
2183,4,33,312.62
2184,284,16,204.5
2185,44,36,267.13
2186,71,95,2748.31
2187,86,42,679.68
2188,104,48,161.74
2189,334,29,311.71
2190,53,10,208.75
2191,39,57,1049.7
2192,32,13,714.96
2193,366,35,1661.06
2194,208,16,1028.56
2195,157,98,350.82
2196,54,35,170.22
2197,66,86,574.07
2198,81,17,2020.52
2199,130,24,406.09
2200,87,21,364.5
2201,1,26,563.94
2202,46,20,393.54
2203,333,17,252.42000000000002
2204,366,5,201.60000000000002
2205,72,9,158.04
2206,158,71,463.90999999999997
2207,373,5,115.65
2208,12,219,1934.66
2209,255,61,770.12
2210,29,14,277.05
2211,31,499,2718.03
2212,5,551,8347.2
2213,40,13,427.93
2214,362,7,418.92
2215,373,16,326.0
2216,96,29,913.19
2217,26,114,2314.32
2218,75,44,602.51
2219,57,95,1877.59
2220,21,4,446.94000000000005
2221,41,94,2386.05
2222,137,27,2007.3999999999999
2223,8,132,2415.91
2224,129,3,168.0
2225,40,116,1221.56
2226,169,194,3703.29
2227,9,36,1690.2600000000002
2228,214,8,596.85
2229,15,302,5955.71
2230,170,41,642.41
2231,40,12,316.88
2232,186,31,394.14
2233,270,10,140.54
2234,172,1,500.0
2235,5,84,1535.53
2236,16,12,231.86
2237,10,85,2183.54
2238,326,7,107.45
2239,113,14,288.18
2240,290,6,94.0
2241,16,73,1345.53
2242,1,50,815.77
2243,92,12,716.2
2244,149,42,626.77
2245,189,8,349.1
2246,31,53,510.71000000000004
2247,34,148,1046.74
2248,264,34,267.18
2249,84,122,3450.84
2250,26,98,1348.93
2251,171,10,190.53
2252,10,39,774.9000000000001
2253,313,47,559.61
2254,65,192,3984.32
2255,85,28,508.8
2256,25,8,135.86
2257,59,53,950.36
2258,323,6,97.7
2259,38,2,43.5
2260,254,17,383.34
2261,19,275,1404.07
2262,33,292,1430.54
2263,15,6,93.78
2264,27,82,397.35
2265,23,10,171.19
2266,214,41,533.3
2267,8,55,1041.48
2268,22,29,149.29
2269,12,291,1067.75
2270,262,45,200.16
2271,131,25,156.57999999999998
2272,55,62,383.68
2273,249,2,594.0
2274,2,372,3213.59
2275,9,214,1411.21
2276,264,5,113.5
2277,331,9,155.17
2278,313,28,494.64
2279,26,60,974.52
2280,30,30,429.84
2281,30,56,528.48
2282,2,279,1371.77
2283,362,25,179.1
2284,283,58,434.59000000000003
2285,262,58,237.07
2286,25,7,161.64
2287,354,56,214.26
2288,94,11,234.6
2289,29,7,126.14
2290,338,155,1044.65
2291,20,97,7354.62
2292,85,57,334.53
2293,9,52,524.88
2294,51,24,467.51
2295,50,24,538.55
2296,2,73,454.48
2297,113,76,371.56
2298,14,11,1771.2
2299,77,29,454.10999999999996
2300,40,44,1399.92
2301,116,45,905.5
2302,16,97,10879.76
2303,161,84,225.26
2304,1,187,3590.41
2305,30,85,2564.5
2306,93,2,91.32000000000001
2307,23,50,1134.28
2308,95,154,3100.09
2309,28,35,659.4599999999999
2310,33,289,1953.41
2311,21,122,1280.58
2312,18,15,1262.2
2313,3,512,13316.4
2314,8,68,1131.56
2315,16,213,10384.93
2316,363,66,141.04
2317,81,13,52.83
2318,53,97,3610.96
2319,23,161,972.08
2320,172,45,475.86
2321,189,92,1000.27
2322,331,1,250.0
2323,12,158,900.53
2324,156,7,121.0
2325,33,308,14758.220000000001
2326,12,166,4023.7200000000003
2327,45,15,62.43
2328,233,27,267.03
2329,64,210,1921.55
2330,2,18,343.5
2331,40,185,3000.2
2332,33,56,397.99
2333,84,10,412.01000000000005
2334,25,1,440.0
2335,2,156,734.37
2336,33,4,148.44
2337,19,162,2428.53
2338,254,26,229.33
2339,23,662,3962.6
2340,22,107,1497.31
2341,8,219,1972.39
2342,25,251,1564.73
2343,19,83,807.57
2344,173,72,502.9
2345,163,24,110.92
2346,7,41,538.46
2347,11,15,213.3
2348,114,29,85.13000000000001
2349,288,28,127.86
2350,9,259,3546.71
2351,54,80,288.96999999999997
2352,7,695,4910.6
2353,77,114,1681.46
2354,4,61,575.63
2355,37,29,436.06
2356,217,17,90.12
2357,60,55,428.93
2358,278,14,217.2
2359,12,887,4794.86
2360,24,31,279.77
2361,29,19,468.91
2362,12,27,800.59
2363,352,1,134.55
2364,22,113,1400.44
2365,50,8,173.16
2366,19,7,186.01
2367,3,53,758.29
2368,104,31,1375.71
2369,7,319,4148.82
2370,12,57,650.4300000000001
2371,5,212,2533.42
2372,32,97,591.1899999999999
2373,178,152,675.64
2374,38,43,921.37
2375,151,39,258.88
2376,162,13,127.1
2377,69,48,327.6
2378,121,147,3675.77
2379,25,44,682.9100000000001
2380,24,122,720.86
2381,177,31,455.3
2382,50,9,913.6800000000001
2383,256,29,478.53000000000003
2384,47,24,388.58
2385,71,5,199.8
2386,16,103,1771.78
2387,101,77,1406.59
2388,35,22,324.57
2389,53,14,240.68
2390,27,52,761.74
2391,11,410,6776.56
2392,8,47,1297.8700000000001
2393,79,2,48.480000000000004
2394,52,17,216.39
2395,36,67,1198.23
2396,61,77,2920.16
2397,337,13,104.76
2398,28,60,1093.68
2399,184,16,298.48
2400,52,6,112.46000000000001
2401,10,43,1591.45
2402,36,6,195.15
2403,10,423,10399.74
2404,33,45,776.851
2405,11,3,336.40000000000003
2406,57,100,1553.18
2407,4,16,1293.03
2408,43,185,3709.56
2409,141,19,301.03
2410,117,34,588.13
2411,104,64,1534.26
2412,75,49,675.8
2413,5,155,2870.2400000000002
2414,45,60,1186.35
2415,16,167,3285.31
2416,17,15,243.55
2417,90,25,724.76
2418,53,15,223.36
2419,134,25,425.32
2420,4,476,12416.11
2421,105,119,1887.2
2422,192,33,664.0
2423,166,232,803.54
2424,19,52,612.01
2425,158,35,447.64000000000004
2426,204,24,639.5
2427,336,2,816.0
2428,37,32,646.3
2429,91,21,337.74
2430,93,6,877.4399999999999
2431,9,21,922.53
2432,243,34,560.67
2433,45,47,748.5
2434,23,1,30.0
2435,190,48,1024.1000000000001
2436,44,11,306.45
2437,25,90,1600.86
2438,317,5,309.8
2439,106,9,138.14
2440,51,17,386.43
2441,168,115,2222.21
2442,40,13,301.32
2443,218,1,76.32000000000001
2444,40,33,684.34
2445,297,12,173.05
2446,19,78,2657.13
2447,88,138,2726.23
2448,73,114,2446.6
2449,81,21,323.69
2450,19,202,3435.76
2451,49,33,657.23
2452,53,12,352.7
2453,24,110,781.28
2454,9,78,1333.68
2455,25,53,1426.16
2456,117,10,193.75
2457,9,166,2993.1
2458,120,9,254.1
2459,4,19,239.76
2460,252,2,136.8
2461,28,12,191.04
2462,1,78,6479.4
2463,267,22,409.98
2464,33,168,2711.11
2465,18,18,309.65
2466,172,86,696.68
2467,2,230,1529.0
2468,265,5,211.5
2469,140,117,2293.62
2470,201,6,143.1
2471,64,55,1060.56
2472,35,205,916.98
2473,41,273,3235.25
2474,284,6,133.25
2475,9,53,1072.3600000000001
2476,143,19,356.7
2477,12,34,330.03000000000003
2478,146,117,1101.1100000000001
2479,234,7,150.3
2480,33,931,5030.07
2481,24,128,598.73
2482,12,84,471.40000000000003
2483,36,67,2211.21
2484,365,38,190.7
2485,201,11,218.25
2486,15,32,415.25
2487,17,301,5159.06
2488,213,5,85.0
2489,66,70,1120.88
2490,212,14,294.12
2491,283,10,162.3
2492,115,26,1339.45
2493,15,71,1188.1200000000001
2494,19,173,4812.42
2495,66,8,449.12
2496,49,9,154.88
2497,16,86,775.96
2498,78,3,34.8
2499,19,62,1094.59
2500,134,28,196.88
2501,13,90,946.64
2502,40,20,144.36
2503,235,10,44534.3
2504,3,291,2463.05
2505,40,405,2626.6
2506,305,1,79.2
2507,51,28,458.57
2508,10,141,2364.25
2509,61,191,528.01
2510,66,45,714.42
2511,25,9,205.25
2512,218,7,253.04
2513,65,37,583.75
2514,32,61,1086.92
2515,88,180,3279.97
2516,64,11,315.06
2517,116,27,621.8299999999999
2518,7,130,56252.72
2519,6,10,635.6800000000001
2520,69,25,270.8
2521,245,7,104.9
2522,133,18,241.62
2523,241,21,1047.11
2524,184,29,475.28000000000003
2525,25,20,345.46
2526,10,43,2614.7400000000002
2527,11,14,246.3
2528,33,83,2328.9700000000003
2529,46,266,4919.0
2530,26,200,933.26
2531,358,25,351.3
2532,10,34,218.75
2533,44,75,1612.69
2534,15,12,965.61
2535,150,42,610.01
2536,1,132,2708.61
2537,113,8,2207.4
2538,76,98,884.14
2539,107,117,696.89
2540,46,64,1063.95
2541,143,1,451.42
2542,51,8,415.82000000000005
2543,1,263,4206.39
2544,23,299,5488.18
2545,46,31,784.58
2546,50,48,903.9
2547,306,195,3651.27
2548,36,35,515.77
2549,79,89,1391.98
2550,22,133,2218.62
2551,107,41,1801.14
2552,208,40,1303.9099999999999
2553,17,72,1945.33
2554,64,49,2100.6
2555,49,123,1905.45
2556,320,17,206.98
2557,44,62,570.96
2558,3,33,885.47
2559,372,1,15.0
2560,172,20,532.94
2561,56,68,1654.31
2562,73,115,1836.0900000000001
2563,99,51,636.14
2564,38,39,576.0
2565,58,66,794.64
2566,254,54,836.79
2567,70,269,2225.15
2568,44,50,954.09
2569,50,10,137.37
2570,65,24,391.98
2571,11,167,33643.08
2572,33,62,1048.49
2573,59,27,355.56
2574,73,47,1224.06
2575,304,8,118.95000000000002
2576,46,11,130.73999999999998
2577,18,138,3711.77
2578,38,22,389.27
2579,19,93,234.88
2580,187,22,160.71
2581,52,30,110.8
2582,4,138,2969.12
2583,137,80,712.24
2584,4,628,16143.64
2585,19,14,297.0
2586,16,188,1427.57
2587,41,139,965.16
2588,12,540,3146.92
2589,8,147,832.88
2590,26,18,68.84
2591,22,20,1936.3200000000002
2592,41,40,895.13
2593,101,43,211.89
2594,5,459,3810.14
2595,277,15,149.64
2596,33,74,351.44
2597,15,108,316.25
2598,64,120,4405.88
2599,2,126,490.33
2600,369,96,329.03000000000003
2601,312,29,501.39000000000004
2602,199,23,516.36
2603,2,49,396.48
2604,93,18,379.35
2605,60,12,181.09
2606,81,12,168.31
2607,157,85,420.07
2608,227,60,511.68
2609,253,37,258.25
2610,150,11,179.17
2611,194,22,208.59
2612,1,84,1383.83
2613,369,4,56.25
2614,24,47,337.28
2615,17,111,351.73
2616,10,74,5126.76
2617,8,30,164.68
2618,20,150,1567.69
2619,4,226,882.72
2620,174,7,191.94
2621,1,266,1228.88
2622,178,19,264.62
2623,16,151,1502.8600000000001
2624,248,12,123.1
2625,191,40,334.23
2626,20,122,525.69
2627,154,60,167.5
2628,173,24,323.03000000000003
2629,373,11,369.5
2630,373,21,127.08
2631,194,12,207.15
2632,67,21,426.63
2633,4,115,2495.87
2634,21,74,1107.46
2635,239,12,416.86
2636,64,7,145.35
2637,112,18,404.58
2638,90,76,6115.01
2639,311,1,35.8
2640,134,14,337.44
2641,277,6,325.1
2642,365,2,181.0
2643,83,29,1708.24
2644,8,60,955.24
2645,17,19,364.72
2646,32,97,1744.71
2647,9,41,708.22
2648,34,84,781.91
2649,15,97,1657.28
2650,24,183,4416.26
2651,32,42,428.89
2652,74,7,104.35
2653,20,28,470.76
2654,17,111,808.87
2655,23,80,397.68
2656,3,20,666.1
2657,304,11,314.1
2658,18,35,4199.85
2659,367,4,307.82000000000005
2660,39,176,3442.15
2661,84,24,371.01
2662,165,96,427.64
2663,17,65,1054.73
2664,77,49,1098.78
2665,89,43,2398.86
2666,25,97,3408.48
2667,22,112,1465.12
2668,3,258,2780.63
2669,123,37,1142.42
2670,30,14,168.12
2671,12,128,1432.77
2672,19,26,156.78
2673,44,52,792.11
2674,4,3,41.989999999999995
2675,9,543,2777.67
2676,55,32,414.27
2677,88,127,1032.58
2678,37,504,3080.22
2679,3,9,12393.7
2680,30,103,2735.37
2681,12,201,578.71
2682,211,8,101.4
2683,48,381,1693.81
2684,24,33,478.78
2685,22,82,972.11
2686,246,79,392.4
2687,8,210,3352.96
2688,35,94,1415.29
2689,4,139,37130.6
2690,38,138,646.83
2691,4,181,704.55
2692,3,224,1465.51
2693,47,32,211.88
2694,39,28,408.90000000000003
2695,47,160,3786.2400000000002
2696,17,46,851.01
2697,260,71,602.63
2698,46,101,719.81
2699,12,63,251.03
2700,30,28,439.65999999999997
2701,43,32,236.09
2702,92,16,934.62
2703,39,241,80850.84
2704,310,29,331.24
2705,92,98,547.9
2706,6,1128,8778.82
2707,196,22,437.7
2708,87,55,758.92
2709,270,39,855.02
2710,8,26,471.78000000000003
2711,65,65,1313.55
2712,31,6,3166.4
2713,22,70,1177.47
2714,38,39,773.99
2715,120,83,1340.7
2716,373,8,256.44
2717,40,299,1074.81
2718,174,10,137.9
2719,54,34,362.06
2720,33,84,1511.95
2721,145,70,783.9
2722,221,8,134.8
2723,45,66,650.75
2724,16,121,2263.12
2725,66,178,1453.16
2726,10,64,1153.62
2727,260,23,335.32
2728,365,73,367.14
2729,17,101,1521.04
2730,22,33,852.15
2731,45,21,326.24
2732,288,23,584.3199999999999
2733,297,1,122.39999999999999
2734,3,129,2234.73
2735,284,1,79.2
2736,17,21,1352.0
2737,82,10,217.16
2738,56,223,2799.42
2739,101,31,1317.62
2740,299,38,436.18
2741,23,167,981.51
2742,59,39,1121.39
2743,155,18,315.06
2744,115,51,817.86
2745,107,1,17.0
2746,12,63,1078.23
2747,264,12,320.62
2748,240,10,185.04999999999998
2749,88,67,2005.63
2750,50,39,731.9
2751,71,76,1290.7
2752,42,57,1842.14
2753,7,48,1429.64
2754,62,28,298.21
2755,249,13,336.96
2756,66,6,108.38
2757,18,31,3204.1600000000003
2758,85,48,842.5
2759,219,18,611.88
2760,45,342,1320.95
2761,143,16,195.73999999999998
2762,183,30,161.38
2763,171,8,135.75000000000003
2764,10,279,1660.8799999999999
2765,212,34,612.78
2766,190,30,232.21
2767,8,16,423.36
2768,59,30,1309.14
2769,57,204,854.66
2770,73,38,684.4200000000001
2771,52,16,307.78
2772,317,11,249.0
2773,367,13,289.35
2774,29,117,6287.77
2775,39,40,656.25
2776,18,89,1880.22
2777,52,78,3506.54
2778,4,339,14589.04
2779,22,35,618.09
2780,263,21,517.55
2781,60,37,709.38
2782,19,31,635.41
2783,66,35,725.18
2784,88,30,620.4
2785,250,37,535.34
2786,3,117,2424.94
2787,247,1,175.2
2788,9,224,3799.4900000000002
2789,157,29,734.13
2790,134,22,375.0
2791,296,1,76.32000000000001
2792,5,18,280.52
2793,43,117,2053.02
2794,269,29,1829.04
2795,50,89,1824.23
2796,9,128,3092.04
2797,16,18,656.69
2798,282,14,348.2
2799,65,20,1025.44
2800,2,471,5533.67
2801,252,2,37.4
2802,232,6,856.6
2803,17,34,822.48
2804,11,98,3787.6
2805,8,85,1822.97
2806,51,125,1885.05
2807,59,3,73.2
2808,95,69,1140.21
2809,16,84,1418.32
2810,126,23,1009.5500000000001
2811,94,58,1037.59
2812,50,15,331.95
2813,138,8,197.9
2814,61,11,215.83
2815,100,162,10254.18
2816,73,11,305.54
2817,72,28,6617.65
2818,67,15,338.71000000000004
2819,64,45,1158.79
2820,17,31,529.41
2821,23,218,4006.94
2822,32,295,6911.4400000000005
2823,45,67,981.86
2824,16,11,215.48
2825,40,6,215.08
2826,3,134,5180.52
2827,237,19,314.45
2828,75,15,400.68100000000004
2829,4,172,1068.8700000000001
2830,3,111,1863.47
2831,361,18,365.27
2832,59,35,592.9
2833,23,50,384.18
2834,31,97,757.63
2835,55,63,537.0600000000001
2836,25,19,394.38
2837,45,66,664.26
2838,89,46,2262.62
2839,2,123,21086.3
2840,89,23,547.02
2841,19,41,690.34
2842,79,6,159.0
2843,171,44,1062.75
2844,81,14,242.35
2845,267,37,914.9300000000001
2846,235,15,304.25
2847,30,84,3084.68
2848,37,95,860.86
2849,318,122,773.5500000000001
2850,57,96,1295.3
2851,45,134,1096.32
2852,203,8,255.12
2853,225,6,314.22
2854,87,47,1010.6
2855,190,35,542.03
2856,44,37,990.88
2857,71,22,536.6800000000001
2858,41,46,867.31
2859,78,20,432.2
2860,57,19,414.2
2861,24,135,3718.8
2862,10,655,2590.31
2863,8,292,3579.86
2864,34,51,409.1
2865,212,91,1522.75
2866,24,90,1413.66
2867,170,16,114.56
2868,62,7,152.94
2869,53,69,1800.07
2870,261,24,389.44
2871,67,123,3683.86
2872,17,270,2619.91
2873,267,13,752.4300000000001
2874,177,2,46.95
2875,45,135,5203.51
2876,51,18,1035.45
2877,17,119,728.54
2878,9,258,5447.0
2879,74,61,861.89
2880,71,45,667.65
2881,353,54,1141.24
2882,3,130,1404.64
2883,117,25,411.7
2884,373,65,351.75
2885,197,33,559.87
2886,177,6,810.6000000000001
2887,100,23,566.38
2888,21,106,1502.78
2889,72,17,2062.06
2890,340,11,168.3
2891,6,166,1570.81
2892,31,103,812.68
2893,170,8,142.5
2894,122,17,302.25
2895,22,118,2248.9900000000002
2896,10,79,1328.55
2897,269,20,301.9
2898,23,27,598.2
2899,127,11,233.22
2900,26,162,5360.63
2901,139,22,361.21999999999997
2902,214,41,632.27
2903,38,4,2560.0
2904,106,42,706.57
2905,18,37,616.26
2906,3,16,274.15000000000003
2907,331,14,226.37
2908,64,151,2938.91
2909,120,69,1341.65
2910,35,19,328.15
2911,218,3,404.40000000000003
2912,172,56,1038.46
2913,72,12,373.65000000000003
2914,1,37,326.75
2915,196,1,207.50000000000003
2916,128,111,408.59000000000003
2917,47,18,594.24
2918,6,300,3039.2200000000003
2919,14,317,3820.27
2920,18,39,251.91
2921,28,151,1582.8
2922,8,45,26626.8
2923,37,10,151.05
2924,157,11,214.79999999999998
2925,284,18,94.05
2926,107,141,534.31
2927,25,77,1971.87
2928,75,15,322.41
2929,16,43,328.58
2930,158,2,101.10000000000001
2931,44,37,565.46
2932,11,85,847.45
2933,32,222,1415.65
2934,291,9,53.5
2935,21,57,1116.47
2936,333,8,153.9
2937,18,28,494.44
2938,4,94,6675.71
2939,63,39,395.8
2940,198,31,211.77
2941,33,34,658.88
2942,1,109,2027.5
2943,7,66,1750.92
2944,5,636,3450.41
2945,10,104,891.21
2946,32,77,709.99
2947,53,5,109.36000000000001
2948,12,52,705.79
2949,18,51,1540.42
2950,19,18,327.3
2951,37,127,800.67
2952,2,69,479.91
2953,18,117,1545.41
2954,82,221,1301.91
2955,33,92,355.73
2956,66,109,466.73
2957,9,122,974.96
2958,267,5,676.2
2959,247,23,362.95
2960,4,108,2157.4
2961,61,31,1743.1499999999999
2962,75,98,643.76
2963,90,33,584.5
2964,60,57,554.86
2965,29,81,302.57
2966,323,4,94.36
2967,53,34,1382.07
2968,270,43,217.89
2969,2,327,3040.96
2970,57,83,1555.34
2971,61,206,1482.06
2972,154,82,1705.8
2973,19,72,408.02
2974,95,29,303.93
2975,1,186,4098.32
2976,265,57,293.45
2977,312,10,177.5
2978,70,23,443.05
2979,302,5,167.25
2980,19,59,154.35
2981,13,168,2079.68
2982,36,231,2022.98
2983,19,44,211.7
2984,54,30,135.99
2985,57,31,262.2
2986,22,7,126.25
2987,44,47,200.27
2988,27,71,1051.4
2989,45,95,631.12
2990,113,50,958.71
2991,17,369,34684.4
2992,25,18,346.12
2993,191,5,133.56
2994,302,21,302.7
2995,2,353,1863.76
2996,263,9,241.06
2997,106,2,284.55
2998,57,6,300.85
2999,213,76,623.28
3000,64,8,287.4
3001,28,17,184.26
3002,29,107,1511.8
3003,6,132,798.35
3004,8,282,3640.67
3005,67,24,381.2
3006,2,171,609.3
3007,46,84,654.67
3008,34,63,230.51
3009,1,3,168472.5
3010,136,34,255.91
3011,198,19,182.99
3012,198,40,707.69
3013,150,11,311.92
3014,88,14,266.97
3015,45,2,6.9
3016,64,99,1841.18
3017,99,110,2158.18
3018,218,9,208.36
3019,3,202,3482.7400000000002
3020,28,132,811.23
3021,178,32,142.92
3022,74,3,136.0
3023,21,82,1422.4
3024,20,230,1298.66
3025,34,146,1595.96
3026,74,2,74.9
3027,24,171,625.42
3028,52,164,752.77
3029,275,13,223.95000000000002
3030,165,18,316.11
3031,7,337,1810.65
3032,88,28,544.3
3033,64,146,2494.46
3034,25,17,331.0
3035,10,35,300.83
3036,76,53,769.29
3037,16,18,220.62
3038,192,19,139.35
3039,174,25,404.3
3040,77,42,363.65
3041,33,29,498.8
3042,47,39,731.5
3043,80,56,1351.63
3044,297,50,826.53
3045,3,88,648.26
3046,9,95,1599.52
3047,50,136,2965.69
3048,161,15,100.97
3049,360,19,365.45
3050,5,11,400.86
3051,107,84,1431.93
3052,25,83,465.88
3053,32,4,777.6
3054,20,3,90.30000000000001
3055,297,13,363.7
3056,372,13,248.1
3057,22,159,918.33
3058,5,35,874.59
3059,52,111,1624.14
3060,30,6,101.69999999999999
3061,277,17,162.7
3062,61,40,484.32
3063,25,13,215.07999999999998
3064,186,156,1046.57
3065,2,290,9418.470000000001
3066,2,183,13027.45
3067,172,15,290.36
3068,81,14,228.06
3069,4,17,244.41
3070,190,30,455.25
3071,22,77,1244.59
3072,18,4,6748.8
3073,19,176,1082.81
3074,5,31,593.75
3075,110,54,548.12
3076,3,45,1388.81
3077,54,5,119.62
3078,165,3,339.3
3079,291,25,787.15
3080,10,925,4034.9
3081,109,251,2298.97
3082,96,32,922.12
3083,243,17,379.73
3084,163,84,5719.82
3085,42,52,837.1
3086,35,17,285.89
3087,67,207,3313.79
3088,24,11,281.85
3089,1,460,8338.49
3090,27,57,841.41
3091,6,31,511.12
3092,54,19,1077.74
3093,364,3,173.7
3094,15,18,614.66
3095,194,35,865.6
3096,3,5,124.2
3097,15,126,3738.4
3098,27,87,1421.69
3099,127,57,1009.6
3100,85,42,663.61
3101,71,28,451.44
3102,183,9,105.84
3103,113,6,313.62
3104,374,14,233.45
3105,80,28,936.08
3106,249,8,463.95
3107,232,13,225.15
3108,71,33,459.24
3109,69,10,213.5
3110,4,216,4113.68
3111,51,27,330.03
3112,75,53,181.09
3113,61,85,360.16
3114,16,12,250.15
3115,4,7,90.04
3116,286,10,145.04999999999998
3117,4,62,813.52
3118,41,30,242.7
3119,36,29,528.08
3120,75,34,482.47
3121,18,172,3347.71
3122,15,276,5493.46
3123,219,6,75.66
3124,186,10,129.49
3125,33,66,1187.66
3126,70,30,618.59
3127,183,26,506.19
3128,15,33,500.42
3129,236,5,151.85
3130,31,96,2647.59
3131,264,14,226.21
3132,4,9,178.96
3133,52,29,813.48
3134,246,5,129.45
3135,81,48,810.5699999999999
3136,275,23,333.08
3137,1,179,4413.1
3138,79,20,322.8
3139,30,117,2188.05
3140,74,60,408.63
3141,17,152,2883.1
3142,223,9,217.9
3143,32,69,1154.47
3144,23,94,1680.72
3145,31,50,1257.51
3146,106,12,231.10000000000002
3147,5,34,688.33
3148,246,27,487.51
3149,178,62,833.78
3150,170,14,214.06
3151,43,19,290.65999999999997
3152,72,24,518.42
3153,59,118,6773.97
3154,16,69,1212.66
3155,141,29,601.27
3156,18,258,3789.52
3157,22,73,8625.8
3158,10,192,874.43
3159,368,8,123.24
3160,189,2,39.12
3161,16,16,1267.6499999999999
3162,362,9,135.39999999999998
3163,19,32,118.98
3164,68,52,567.1800000000001
3165,15,20,306.71999999999997
3166,24,156,1348.88
3167,17,252,4095.9
3168,28,6,1692.27
3169,2,114,8134.9400000000005
3170,55,93,304.24
3171,34,89,1592.1200000000001
3172,3,163,3109.99
3173,366,3,129.75
3174,43,10,183.7
3175,73,44,1770.34
3176,5,30,1028.0
3177,4,277,66653.56
3178,61,62,324.24
3179,47,544,2959.88
3180,1,62,1260.86
3181,76,13,422.59999999999997
3182,72,12,225.57999999999998
3183,256,3,1276.0
3184,69,59,477.86
3185,135,10,657.9000000000001
3186,241,21,112.75
3187,227,5,1998.0
3188,9,308,5076.55
3189,9,144,5398.3
3190,1,270,14034.99
3191,37,123,531.35
3192,46,27,656.63
3193,85,79,3029.87
3194,19,394,2467.99
3195,3,22,1651.03
3196,9,438,3611.31
3197,19,619,6910.78
3198,219,87,1129.06
3199,78,19,301.71999999999997
3200,267,2,901.2
3201,24,198,3843.08
3202,369,44,606.0500000000001
3203,15,196,1770.22
3204,26,25,152.95
3205,262,37,292.47
3206,17,225,4730.81
3207,91,42,576.4
3208,302,145,758.27
3209,26,178,1358.74
3210,364,44,256.32
3211,46,263,1048.28
3212,38,656,7205.33
3213,52,82,743.11
3214,32,28,603.75
3215,52,52,646.76
3216,79,116,2247.41
3217,53,1,417.59999999999997
3218,298,1,3.75
3219,177,13,323.0
3220,47,1,464.9
3221,29,190,2213.13
3222,11,236,1291.91
3223,87,355,7180.7
3224,5,444,6680.11
3225,38,42,836.06
3226,18,69,1515.9
3227,45,95,623.93
3228,31,25,1764.72
3229,373,9,207.5
3230,58,34,223.92000000000002
3231,372,2,2002.4
3232,114,165,1475.43
3233,215,13,239.4
3234,319,7,106.83000000000001
3235,65,22,369.34000000000003
3236,8,42,789.79
3237,97,13,316.62
3238,20,63,1207.24
3239,199,23,611.85
3240,4,700,2790.9500000000003
3241,294,1,34.0
3242,273,34,1145.6
3243,31,221,5575.56
3244,48,54,478.09000000000003
3245,260,38,361.54
3246,58,140,757.1
3247,33,254,2242.61
3248,57,26,171.59
3249,68,48,661.52
3250,10,157,1691.51
3251,60,71,371.54
3252,80,48,222.62
3253,74,16,245.94
3254,2,331,10611.720000000001
3255,100,59,422.24
3256,372,17,311.25
3257,10,183,2267.9500000000003
3258,20,3,107.6
3259,123,148,594.39
3260,8,5,80.8
3261,4,93,1545.6200000000001
3262,29,314,1705.78
3263,282,12,110.38000000000001
3264,57,16,243.84
3265,1,278,1196.5
3266,365,66,414.88
3267,89,18,305.62
3268,11,156,1162.65
3269,163,75,1594.23
3270,65,24,332.3
3271,23,60,536.99
3272,174,98,460.59
3273,103,93,762.16
3274,143,67,1121.59
3275,99,23,288.42
3276,23,149,914.69
3277,192,15,309.54
3278,5,28,547.07
3279,361,15,479.35
3280,8,426,1652.18
3281,14,319,6416.7
3282,103,28,417.06
3283,3,86,1604.75
3284,11,189,3349.57
3285,96,26,497.61
3286,227,38,358.38
3287,16,26,460.64
3288,39,28,775.1800000000001
3289,51,22,341.7
3290,93,8,128.5
3291,157,11,197.22
3292,39,23,325.91
3293,184,12,199.15
3294,1,47,1106.53
3295,228,24,413.46
3296,128,10,180.85
3297,40,11,251.87
3298,31,165,3170.98
3299,197,25,588.85
3300,9,266,16594.35
3301,37,116,1869.82
3302,101,63,1264.19
3303,43,378,10196.57
3304,50,11,214.32
3305,43,12,193.44
3306,53,14,281.42
3307,187,8,124.57
3308,334,19,332.41
3309,4,20,342.45
3310,10,9,144.91000000000003
3311,24,19,328.4
3312,15,2,35.400000000000006
3313,369,10,375.69000000000005
3314,145,52,747.81
3315,60,6,173.76
3316,31,26,502.8
3317,141,11,207.73999999999998
3318,23,127,817.12
3319,22,137,2812.34
3320,77,7,680.02
3321,5,279,7123.62
3322,67,112,2095.53
3323,12,156,846.62
3324,84,3,13.3
3325,31,174,1491.43
3326,67,1,432.0
3327,67,39,705.12
3328,187,37,272.48
3329,38,26,429.84000000000003
3330,15,96,450.41
3331,35,36,192.32999999999998
3332,195,135,1578.67
3333,2,186,742.43
3334,1,97,518.19
3335,367,45,145.93
3336,65,62,202.27
3337,299,37,289.78
3338,26,157,501.03
3339,8,123,1271.06
3340,17,79,887.11
3341,116,44,1706.88
3342,29,56,363.2
3343,4,665,3653.75
3344,5,199,3037.6
3345,82,86,559.59
3346,29,140,928.76
3347,72,18,379.14
3348,4,545,1508.96
3349,29,100,2555.58
3350,290,8,113.44
3351,36,30,183.76
3352,9,57,621.6800000000001
3353,24,136,562.41
3354,277,9,391.52
3355,50,128,1068.82
3356,156,326,2592.25
3357,61,55,154.18
3358,12,626,7069.08
3359,21,81,829.89
3360,371,14,230.25
3361,116,6,543.05
3362,80,204,2814.7
3363,4,77,1295.39
3364,26,53,378.89
3365,5,886,4554.87
3366,53,48,150.23000000000002
3367,1,44,563.23
3368,55,61,931.03
3369,26,56,261.9
3370,9,235,2711.6800000000003
3371,52,305,3049.88
3372,13,277,1904.99
3373,212,33,816.73
3374,22,249,4345.5
3375,236,21,406.48
3376,139,19,435.02
3377,4,60,1286.27
3378,57,42,1178.56
3379,135,86,1277.75
3380,109,16,167.61
3381,30,1,20.8
3382,1,54,2085.08
3383,185,25,518.67
3384,18,16,308.74
3385,239,16,416.64
3386,87,7,117.35000000000001
3387,39,101,507.05
3388,116,14,234.17
3389,187,7,110.55000000000001
3390,227,26,201.19
3391,8,28,2154.97
3392,189,21,319.02
3393,4,31,439.43
3394,39,42,650.41
3395,38,41,357.21
3396,267,2,251.51999999999998
3397,78,39,344.33
3398,4,89,1852.0
3399,255,81,1028.46
3400,61,22,384.06
3401,13,143,1905.87
3402,88,400,4459.52
3403,17,120,5464.12
3404,30,3,1873.2
3405,3,128,1616.8
3406,5,7,126.12
3407,7,12,1133.25
3408,219,1,179.0
3409,11,93,1614.31
3410,30,37,1456.96
3411,288,12,702.0
3412,150,4,295.0
3413,23,23,484.82
3414,1,169,3989.57
3415,86,49,1493.73
3416,46,43,1312.1399999999999
3417,5,44,781.78
3418,51,52,889.9300000000001
3419,18,11,195.36
3420,30,15,270.9
3421,8,72,583.4300000000001
3422,29,214,1838.6100000000001
3423,3,252,8694.26
3424,41,16,920.1
3425,11,228,1258.08
3426,31,7,71.0
3427,45,3,95.85
3428,61,9,357.77
3429,185,4,154.82999999999998
3430,79,148,877.5600000000001
3431,111,2,716.0
3432,64,11,146.87
3433,12,22,380.35
3434,86,28,1030.14
3435,16,30,745.52
3436,246,28,433.53000000000003
3437,88,75,1267.32
3438,30,22,112.4
3439,138,15,449.73
3440,27,69,1071.49
3441,3,97,1036.58
3442,32,102,1735.18
3443,25,6,948.48
3444,113,22,339.44
3445,157,22,642.02
3446,85,65,1100.9
3447,118,43,925.35
3448,3,317,5655.03
3449,96,308,3185.64
3450,194,42,240.89000000000001
3451,28,83,399.09
3452,131,13,498.48
3453,28,83,1356.33
3454,82,62,1179.89
3455,30,514,3080.39
3456,266,5,234.24
3457,74,99,5232.2300000000005
3458,314,69,533.33
3459,21,78,1461.14
3460,59,61,855.45
3461,12,296,4552.14
3462,28,143,2709.7000000000003
3463,114,62,304.24
3464,28,140,2429.03
3465,18,174,1446.09
3466,18,77,834.12
3467,36,25,841.0799999999999
3468,36,28,378.2
3469,78,2,118.80000000000001
3470,22,8,287.62
3471,25,63,288.91
3472,33,81,2003.85
3473,109,52,1405.78
3474,35,149,2747.9900000000002
3475,123,186,1562.4
3476,7,96,2050.08
3477,28,115,1991.01
3478,4,61,1974.65
3479,3,195,3827.76
3480,50,124,1774.03
3481,322,14,302.0
3482,23,74,1324.16
3483,15,48,1022.13
3484,2,211,954.42
3485,18,65,971.74
3486,10,42,1621.73
3487,262,1,25.5
3488,159,90,665.78
3489,33,416,10797.48
3490,29,116,881.29
3491,165,12,163.29999999999998
3492,47,29,231.61
3493,6,123,801.12
3494,8,39,837.5
3495,288,9,116.19999999999999
3496,318,10,157.02
3497,3,35,606.91
3498,233,18,307.46
3499,119,7,138.32
3500,162,9,345.29999999999995
3501,185,31,294.24
3502,50,35,230.5
3503,152,248,989.45
3504,335,14,157.09
3505,5,134,2463.17
3506,16,27,4892.240000000001
3507,107,23,413.2
3508,16,52,1139.73
3509,276,24,380.5
3510,16,477,10650.77
3511,247,18,454.12
3512,239,15,579.0
3513,1,48,984.57
3514,106,35,749.78
3515,23,81,1714.59
3516,52,9,124.88
3517,195,14,1689.5
3518,24,14,213.78
3519,75,23,329.34
3520,18,20,251.70000000000002
3521,8,13,319.0
3522,32,67,1266.97
3523,22,101,1538.88
3524,31,229,3518.03
3525,29,104,1715.46
3526,22,5,293.1
3527,33,144,2467.35
3528,284,10,158.68
3529,39,12,206.34
3530,58,54,835.78
3531,289,16,224.91
3532,79,15,317.76
3533,5,86,3766.6
3534,218,4,59.9
3535,44,63,1443.69
3536,202,15,306.13
3537,178,80,711.79
3538,56,125,783.97
3539,57,23,239.92000000000002
3540,8,73,3347.31
3541,47,2,144.0
3542,227,10,203.95
3543,11,84,2474.23
3544,106,60,383.75
3545,59,19,444.74
3546,28,236,2093.68
3547,36,32,1699.3000000000002
3548,274,29,262.62
3549,30,29,1013.01
3550,24,96,692.22
3551,54,38,289.78
3552,36,148,3560.08
3553,175,57,1564.56
3554,54,13,384.08
3555,53,7,204.24
3556,27,211,2317.2200000000003
3557,253,4,226.85
3558,40,157,2781.23
3559,60,101,1059.1200000000001
3560,234,9,113.5
3561,4,271,1951.97
3562,32,25,114.23
3563,24,467,3187.55
3564,7,62,334.48
3565,65,27,328.65
3566,310,48,416.89
3567,309,21,393.49
3568,19,47,939.32
3569,16,208,1906.09
3570,96,47,318.76
3571,264,69,3638.41
3572,12,531,3124.72
3573,3,35,417.77
3574,35,25,190.88
3575,183,14,149.89000000000001
3576,25,29,550.06
3577,13,105,916.13
3578,11,19,314.69
3579,3,555,3719.1
3580,313,15,382.5
3581,108,40,1135.04
3582,1,387,8540.05
3583,53,31,954.9
3584,205,9,171.45
3585,15,54,280.09000000000003
3586,120,69,318.65
3587,4,56,381.97
3588,363,37,269.83
3589,117,86,348.91
3590,18,18,178.26
3591,5,111,271.19
3592,41,74,291.48
3593,107,16,240.0
3594,148,116,581.23
3595,52,12,1253.3600000000001
3596,208,23,63.440000000000005
3597,139,122,550.01
3598,2,73,296.58
3599,127,37,317.2
3600,108,6,763.64
3601,42,114,2148.63
3602,35,25,107.82
3603,228,69,1065.3500000000001
3604,241,15,246.04
3605,58,9,187.82999999999998
3606,130,89,1685.46
3607,60,291,1647.48
3608,22,44,151.37
3609,26,122,1049.06
3610,9,140,1417.63
3611,32,104,931.02
3612,4,96,513.01
3613,308,1,550.8000000000001
3614,8,132,1854.06
3615,29,68,547.0
3616,17,49,128.18
3617,101,30,498.42
3618,12,55,656.61
3619,21,59,163.24
3620,15,79,1135.63
3621,361,53,250.04
3622,11,66,8631.31
3623,95,12,82.75
3624,78,55,1384.85
3625,139,14,644.3
3626,31,24,2328.84
3627,25,131,2527.92
3628,2,471,6281.23
3629,46,9,2600.34
3630,100,73,1200.6200000000001
3631,8,99,657.16
3632,15,195,906.52
3633,18,49,986.48
3634,280,6,96.8
3635,14,33,523.11
3636,23,6,363.9
3637,124,1,175.2
3638,86,28,494.25
3639,302,11,307.02
3640,151,521,1981.06
3641,17,721,6493.54
3642,94,9,243.36
3643,30,407,12353.29
3644,157,157,682.29
3645,355,17,193.64
3646,46,31,157.62
3647,15,83,519.6899999999999
3648,4,483,2622.88
3649,86,1,228.96
3650,15,213,1156.6
3651,179,8,98.25
3652,8,70,1281.32
3653,36,27,587.15
3654,129,8,1740.0
3655,51,16,1393.06
3656,312,19,178.22
3657,24,44,384.39
3658,303,58,360.81
3659,11,15,127.86
3660,17,125,568.24
3661,49,29,488.2
3662,239,35,312.23
3663,1,406,4462.68
3664,13,465,4767.36
3665,238,33,167.55
3666,23,107,1878.87
3667,73,33,446.18
3668,17,86,418.4
3669,41,251,1337.18
3670,40,57,646.92
3671,219,28,495.77
3672,199,69,400.1
3673,71,24,203.2
3674,24,404,4058.32
3675,11,78,389.71999999999997
3676,9,109,20275.61
3677,65,2,65.4
3678,4,49,193.39000000000001
3679,19,15,336.4
3680,15,45,256.11
3681,8,28,2686.42
3682,20,76,746.81
3683,78,15,1259.56
3684,1,213,31833.68
3685,164,3,508.8
3686,307,56,417.27
3687,219,4,203.86999999999998
3688,39,27,7330.8
3689,22,89,681.41
3690,115,38,653.38
3691,126,206,2097.84
3692,5,59,2633.85
3693,36,32,263.92
3694,4,198,31906.82
3695,1,82,1031.41
3696,333,111,2184.42
3697,163,2,32.65
3698,185,13,771.85
3699,16,64,1214.72
3700,12,41,778.94
3701,3,66,1258.06
3702,44,6,778.0
3703,80,14,507.84
3704,30,269,6893.42
3705,42,30,463.46000000000004
3706,11,206,4226.57
3707,50,30,598.83
3708,16,117,1979.37
3709,46,26,698.41
3710,19,43,759.17
3711,8,271,5037.26
3712,72,2,100.8
3713,1,328,17256.85
3714,128,39,524.9200000000001
3715,33,14,265.76
3716,313,43,403.3
3717,18,48,365.76
3718,88,54,303.15999999999997
3719,2,134,2373.82
3720,2,9,216.29999999999998
3721,254,17,388.45000000000005
3722,157,5,186.42000000000002
3723,37,135,2248.56
3724,220,1,534.24
3725,148,135,2940.04
3726,177,9,120.9
3727,40,36,541.53
3728,2,276,2519.21
3729,8,336,194390.79
3730,1,100,1721.4
3731,18,19,486.71999999999997
3732,192,61,517.53
3733,204,8,131.7
3734,365,17,249.86
3735,127,19,1737.7
3736,15,54,316.5
3737,43,111,657.3
3738,94,29,622.4300000000001
3739,23,106,735.82
3740,60,27,675.69
3741,16,208,1875.86
3742,158,9,289.96000000000004
3743,10,41,763.28
3744,10,5,137.0
3745,16,88,1870.97
3746,45,78,1125.07
3747,191,174,697.54
3748,79,14,194.37
3749,78,29,511.82
3750,4,82,1255.59
3751,65,21,414.04
3752,261,24,396.87
3753,59,29,376.64
3754,1,76,2092.32
3755,1,109,3558.87
3756,248,12,374.57
3757,8,27,497.56
3758,359,10,271.05
3759,76,17,272.22
3760,290,40,622.88
3761,17,5,1138.0
3762,221,18,288.6
3763,9,28,689.1
3764,3,38,558.96
3765,206,127,2997.0299999999997
3766,162,52,1145.84
3767,76,14,302.2
3768,262,88,605.58
3769,281,22,387.31
3770,58,364,6083.64
3771,25,20,308.48
3772,3,963,91062.38
3773,29,105,2924.9900000000002
3774,72,6,513.2
3775,128,40,208.65
3776,31,87,639.02
3777,15,135,764.88
3778,309,11,153.94
3779,17,82,1844.02
3780,54,30,546.81
3781,30,45,723.2099999999999
3782,2,73,1070.71
3783,11,33,652.74
3784,361,6,145.0
3785,360,9,422.70000000000005
3786,5,19,1195.8999999999999
3787,54,47,939.37
3788,1,253,3628.5
3789,1,390,2367.12
3790,190,14,296.7
3791,54,9,223.36
3792,280,13,164.4
3793,177,3,76.5
3794,30,74,887.67
3795,26,9,98.42
3796,25,25,578.9
3797,270,25,170.75
3798,43,141,642.32
3799,234,5,103.3
3800,24,6,148.86
3801,197,42,267.16
3802,359,39,290.34
3803,60,49,930.41
3804,130,2,1487.6
3805,1,88,1952.45
3806,20,105,480.31
3807,206,6,157.9
3808,14,34,541.46
3809,95,27,854.95
3810,19,45,165.12
3811,14,63,1122.38
3812,24,49,454.01
3813,8,142,869.77
3814,7,165,4331.48
3815,332,29,344.14
3816,50,271,1425.67
3817,71,12,226.75000000000003
3818,29,25,380.6
3819,243,8,185.65
3820,8,402,3564.83
3821,218,5,143.45999999999998
3822,5,50,448.90000000000003
3823,253,45,215.72
3824,1,439,11025.24
3825,236,29,175.27
3826,7,35,1242.3
3827,109,208,1116.68
3828,100,23,1240.2
3829,60,253,2404.17
3830,2,196,1468.02
3831,73,157,2203.67
3832,4,212,3923.86
3833,85,50,993.18
3834,12,82,386.69
3835,23,265,2806.69
3836,214,55,2044.3700000000001
3837,18,13,161.67000000000002
3838,239,9,116.00999999999999
3839,2,551,5054.42
3840,78,11,394.72
3841,217,63,309.36
3842,33,56,191.99
3843,41,233,1105.78
3844,7,567,3961.12
3845,53,135,2048.45
3846,23,306,4544.55
3847,57,98,386.32
3848,130,14,329.6
3849,174,3,571.1999999999999
3850,6,67,930.28
3851,312,74,214.37
3852,60,4,81.44
3853,21,26,1379.9
3854,33,33,527.0500000000001
3855,15,50,843.48
3856,18,306,2020.4
3857,81,5,75.75
3858,6,123,1814.12
3859,170,26,503.59999999999997
3860,2,39,528.33
3861,31,70,1324.84
3862,36,296,2358.59
3863,19,20,285.56
3864,31,35,547.0600000000001
3865,276,7,108.5
3866,87,5,621.66
3867,120,40,712.29
3868,373,8,101.55
3869,1,157,2895.64
3870,219,51,1008.39
3871,65,7,133.06
3872,61,91,1797.5
3873,138,52,868.49
3874,21,8,166.08
3875,12,232,3945.0
3876,25,259,4867.72
3877,37,44,1207.56
3878,277,22,117.55
3879,11,91,2638.94
3880,73,82,1674.69
3881,26,19,595.42
3882,17,158,2999.46
3883,141,38,178.75
3884,26,86,1802.91
3885,19,43,604.64
3886,4,18,728.16
3887,66,117,2055.51
3888,1,15,347.75
3889,43,68,3406.7200000000003
3890,228,11,205.7
3891,16,53,1572.71
3892,50,110,3178.17
3893,2,218,1594.97
3894,74,27,551.04
3895,1,705,20374.28
3896,4,77,1371.18
3897,2,303,16345.38
3898,264,16,298.11
3899,53,30,1992.1100000000001
3900,24,11,184.4
3901,10,118,2474.33
3902,44,15,239.41
3903,17,127,3155.83
3904,7,286,5739.46
3905,30,252,4726.8
3906,358,19,290.40000000000003
3907,127,46,740.9399999999999
3908,137,16,200.47
3909,142,15,283.12
3910,132,35,765.34
3911,38,115,2285.71
3912,236,19,338.95
3913,261,8,154.95
3914,17,142,2534.64
3915,253,24,417.95
3916,30,74,1824.37
3917,35,55,798.74
3918,169,31,885.19
3919,3,103,1823.52
3920,4,382,10504.49
3921,185,5,152.4
3922,188,34,263.33
3923,170,7,137.45
3924,11,23,385.1
3925,45,29,522.91
3926,321,10,153.0
3927,201,1,326.4
3928,23,245,5655.99
3929,232,6,139.35
3930,38,274,5396.04
3931,26,50,1195.94
3932,96,115,2424.04
3933,127,10,3276.4000000000005
3934,71,40,1033.0
3935,16,192,3439.08
3936,15,66,1060.25
3937,4,165,2876.01
3938,3,218,5298.4800000000005
3939,79,67,1240.11
3940,373,18,303.97
3941,39,35,692.19
3942,54,43,700.63
3943,2,690,13110.02
3944,9,25,377.44
3945,9,10,168.24
3946,19,97,1879.05
3947,12,47,2791.35
3948,113,15,355.11
3949,4,136,2322.4
3950,240,6,110.25
3951,113,1,71.4
3952,178,35,674.52
3953,5,184,1710.45
3954,359,1,80.64
3955,1,89,1664.65
3956,1,740,5593.39
3957,19,404,3408.2000000000003
3958,17,90,819.96
3959,22,25,287.59
3960,33,19,712.78
3961,263,1,15.0
3962,51,71,772.55
3963,159,56,367.63
3964,15,21,271.2
3965,8,98,2081.9
3966,13,304,3957.43
3967,199,38,1143.27
3968,57,54,245.81
3969,11,50,173.45
3970,97,153,1213.73
3971,255,3,56.4
3972,25,190,647.56
3973,21,81,650.32
3974,159,12,188.02
3975,72,67,283.47
3976,53,13,131.94
3977,85,68,266.85
3978,153,128,1817.54
3979,74,5,1117.9
3980,281,14,225.9
3981,27,189,1964.3
3982,30,10,106.1
3983,25,52,300.34
3984,180,45,342.83
3985,40,81,690.0
3986,22,111,780.43
3987,22,404,3039.17
3988,37,103,1187.21
3989,82,140,1285.04
3990,74,10,512.31
3991,11,43,546.04
3992,16,61,5411.91
3993,4,828,7761.82
3994,13,133,699.81
3995,14,348,1698.07
3996,37,17,36.56
3997,4,33,387.68
3998,72,48,3704.87
3999,51,13,298.4
4000,5,215,1987.33
4001,23,67,1820.09
4002,299,30,889.24
4003,2,23,398.7
4004,33,2,35.400000000000006
4005,50,61,155.37
4006,3,59,342.24
4007,47,24,110.21000000000001
4008,42,162,1541.23
4009,27,117,2720.8
4010,42,52,318.15
4011,2,7676,40519.84
4012,303,37,205.48
4013,107,5,51.559999999999995
4014,85,1,2033.1
4015,81,51,901.1999999999999
4016,218,26,605.8000000000001
4017,372,297,5391.21
4018,12,24,114.34
4019,185,15,311.26
4020,373,17,208.97
4021,2,15,1418.03
4022,4,54,26879.04
4023,6,197,5140.66
4024,305,23,141.92000000000002
4025,369,52,226.45000000000002
4026,3,219,2097.88
4027,324,11,330.9
4028,59,148,3160.0
4029,13,90,554.85
4030,31,370,10526.32
4031,143,9,329.65
4032,30,68,1157.8700000000001
4033,107,40,428.18
4034,2,270,1865.89
4035,205,10,155.9
4036,80,43,1848.96
4037,185,46,683.46
4038,170,12,237.61
4039,44,26,379.45
4040,174,6,178.51999999999998
4041,365,26,458.92
4042,304,8,133.35000000000002
4043,3,142,664.34
4044,4,113,695.0699999999999
4045,12,53,156.34
4046,32,102,869.28
4047,129,10,111.35
4048,21,65,716.0
4049,212,20,201.37
4050,323,91,586.89
4051,162,34,203.85999999999999
4052,56,28,244.1
4053,225,15,107.21
4054,72,192,1118.96
4055,44,15,95.45
4056,23,2,256.32
4057,173,108,541.8100000000001
4058,85,28,152.06
4059,159,31,154.55
4060,190,6,112.19999999999999
4061,29,19,110.38
4062,21,34,181.07
4063,71,33,798.99
4064,247,12,72.9
4065,374,54,232.03
4066,9,39,366.23
4067,310,37,310.06
4068,59,58,408.65
4069,4,75,329.36
4070,45,92,335.03
4071,88,23,1304.04
4072,4,665,4119.5
4073,64,142,820.23
4074,282,1,207.50000000000003
4075,12,31,2962.5
4076,373,1,244.08
4077,133,21,397.29
4078,45,23,212.54
4079,11,5,843.0
4080,36,39,1740.48
4081,134,65,408.36
4082,29,90,1331.57
4083,52,21,704.25
4084,138,29,145.79
4085,5,72,380.13
4086,9,43,4301.22
4087,160,12,99.14
4088,49,18,4020.04
4089,131,2,304.56
4090,8,2,77.50000000000001
4091,233,20,149.57999999999998
4092,37,9,176.68
4093,147,1,358.56000000000006
4094,1,70,58510.48
4095,72,71,482.2
4096,40,20,1008.5400000000001
4097,5,477,2314.13
4098,199,19,557.3
4099,249,1,12.75
4100,66,31,111.68
4101,117,7,508.4599999999999
4102,171,26,73.78
4103,21,249,1296.44
4104,142,34,102.41
4105,32,98,463.21
4106,38,325,2599.19
4107,38,68,1098.43
4108,372,42,112.27
4109,374,81,265.1
4110,166,14,228.2
4111,211,29,562.79
4112,242,30,135.19
4113,52,15,337.04
4114,25,165,703.99
4115,15,293,4483.26
4116,372,57,321.79
4117,29,21,288.14
4118,365,12,300.91999999999996
4119,36,138,732.41
4120,166,30,811.45
4121,145,48,152.68
4122,22,21,631.35
4123,56,1,20.8
4124,185,13,198.57
4125,12,38,201.12
4126,237,29,630.84
4127,225,5,93.35
4128,122,79,674.89
4129,282,2,76.1
4130,74,164,1962.46
4131,37,91,380.39
4132,12,57,415.13
4133,362,37,157.92
4134,4,53,226.47
4135,23,22,444.68
4136,70,30,2116.19
4137,235,31,247.39
4138,257,14,174.8
4139,373,28,102.78999999999999
4140,155,31,187.29
4141,28,30,162.22
4142,4,46,120.03
4143,32,122,1477.66
4144,81,3,523.0
4145,108,29,122.14
4146,52,5,38.45
4147,36,164,612.72
4148,153,21,389.78
4149,99,21,115.31
4150,4,9,230.64999999999998
4151,334,5,73.5
4152,65,33,93.82000000000001
4153,22,110,418.68
4154,36,49,713.89
4155,32,94,403.12
4156,154,19,70.02
4157,19,19,357.20000000000005
4158,12,458,4097.37
4159,54,7,165.04999999999998
4160,25,115,529.29
4161,4,127,2088.6
4162,45,43,178.34
4163,203,7,172.29000000000002
4164,359,5,74.4
4165,71,20,300.02
4166,7,358,6761.34
4167,288,19,363.65
4168,10,3,170.16
4169,23,19,306.46
4170,22,46,2119.41
4171,173,27,720.52
4172,133,7,814.0
4173,6,137,2392.83
4174,75,10,318.0
4175,40,37,396.33
4176,289,1,101.69999999999999
4177,26,457,2009.24
4178,258,25,453.0
4179,186,18,247.44
4180,114,72,3859.82
4181,374,13,489.6
4182,23,142,2611.75
4183,8,223,2584.41
4184,217,29,336.13
4185,45,123,3613.15
4186,19,2,1231.5
4187,36,17,343.45
4188,26,70,680.84
4189,16,1,90.47999999999999
4190,330,29,689.95
4191,274,7,101.34
4192,98,2,4055.7199999999993
4193,61,37,166.03
4194,2,89,9068.26
4195,93,36,2106.52
4196,82,70,3017.3
4197,313,21,580.0500000000001
4198,12,196,849.06
4199,8,106,2662.4
4200,127,19,168.31
4201,11,40,222.4
4202,1,431,259657.3
4203,37,38,754.64
4204,38,18,113.48000000000002
4205,330,37,421.9
4206,254,17,271.0
4207,2,441,8004.92
4208,20,37,198.8
4209,12,26,352.69
4210,369,1,76.32000000000001
4211,290,28,220.1
4212,68,371,1403.1100000000001
4213,26,72,315.65
4214,11,1263,5625.08
4215,368,29,180.7
4216,214,17,111.15
4217,149,31,653.3
4218,8,357,1793.06
4219,24,34,574.4399999999999
4220,30,192,1131.75
4221,61,52,200.92000000000002
4222,19,46,347.08
4223,243,14,112.55000000000001
4224,15,70,1059.39
4225,212,1,931.4999999999999
4226,29,20,681.9100000000001
4227,63,38,784.33
4228,295,8,152.65
4229,18,159,8438.34
4230,157,15,1019.52
4231,117,61,1000.16
4232,8,43,2888.75
4233,13,221,2861.55
4234,141,10,160.35000000000002
4235,46,7,179.33999999999997
4236,51,16,612.0799999999999
4237,32,37,566.58
4238,135,38,653.35
4239,3,21,399.19
4240,75,25,371.62
4241,13,122,675.64
4242,9,34,453.4
4243,301,23,530.15
4244,57,39,638.0600000000001
4245,15,80,1618.69
4246,37,24,399.65000000000003
4247,177,10,302.46000000000004
4248,23,37,1384.8600000000001
4249,176,130,1160.04
4250,61,9,202.65
4251,33,38,980.31
4252,59,54,1231.31
4253,15,189,7561.68
4254,87,31,2106.84
4255,7,1,104.0
4256,358,30,476.35
4257,31,73,1340.8700000000001
4258,129,97,1590.81
4259,9,90,1793.17
4260,5,119,1843.75
4261,24,41,366.85
4262,227,37,632.07
4263,15,1,49.8
4264,249,17,304.25
4265,15,71,2001.04
4266,78,68,1090.24
4267,192,15,284.46000000000004
4268,262,7,207.79999999999998
4269,72,45,957.97
4270,165,16,243.76
4271,82,7,973.8399999999999
4272,95,139,686.63
4273,4,159,5425.56
4274,106,30,150.35
4275,200,68,1396.99
4276,157,19,160.42000000000002
4277,71,192,1975.35
4278,36,32,517.36
4279,29,8,139.10000000000002
4280,2,134,2621.38
4281,26,42,600.07
4282,326,34,216.07
4283,237,15,232.48000000000002
4284,89,13,299.34000000000003
4285,31,26,481.75
4286,29,31,621.75
4287,211,20,641.92
4288,3,114,2069.77
4289,227,2,305.28000000000003
4290,22,64,1041.61
4291,93,19,443.0
4292,5,272,6484.54
4293,264,10,158.95000000000002
4294,3,269,5504.96
4295,44,242,5228.05
4296,218,5,93.75
4297,57,30,779.9
4298,12,164,7276.900000000001
4299,9,86,2810.2000000000003
4300,192,123,2071.77
4301,82,37,592.97
4302,326,1,440.0
4303,72,104,1796.48
4304,30,49,882.24
4305,3,61,987.1
4306,219,88,1561.6100000000001
4307,46,6,422.58
4308,10,104,2073.09
4309,72,78,2232.4900000000002
4310,7,175,2567.06
4311,24,4,596.1
4312,123,47,804.02
4313,17,8,95.34
4314,310,21,349.27
4315,87,16,4314.72
4316,51,94,518.27
4317,89,6,103.3
4318,39,118,2337.63
4319,25,42,2338.6000000000004
4320,173,133,2628.35
4321,43,21,324.24
4322,140,13,149.48
4323,26,61,1213.1599999999999
4324,72,46,801.51
4325,134,1,25.5
4326,366,7,168.6
4327,38,11,283.15
4328,3,166,3078.58
4329,2,3,204.0
4330,30,11,175.92
4331,44,14,335.86
4332,58,8,110.38
4333,74,9,173.9
4334,278,10,180.60000000000002
4335,181,7,80.82
4336,8,12,178.05
4337,4,721,2045.53
4338,43,70,1837.28
